Datum	Zuletzt	Vol.
14.11.2022	16.496,2	420,87K
13.11.2022	16.324,5	210,80K
12.11.2022	16.795,2	192,91K
11.11.2022	17.049,9	466,35K
10.11.2022	17.589,1	720,74K
09.11.2022	15.886,9	869,57K
08.11.2022	18.527,4	865,10K
07.11.2022	20.589,0	414,24K
06.11.2022	20.916,3	242,26K
05.11.2022	21.301,6	261,23K
04.11.2022	21.145,9	499,50K
03.11.2022	20.206,4	347,23K
02.11.2022	20.154,4	420,23K
01.11.2022	20.483,5	302,72K
31.10.2022	20.496,3	327,47K
30.10.2022	20.626,3	207,63K
29.10.2022	20.809,8	276,54K
28.10.2022	20.594,4	318,90K
27.10.2022	20.292,9	365,49K
26.10.2022	20.769,5	427,99K
25.10.2022	20.082,7	371,54K
24.10.2022	19.331,5	286,94K
23.10.2022	19.571,2	180,63K
22.10.2022	19.204,8	118,24K
21.10.2022	19.162,6	294,66K
20.10.2022	19.042,9	253,20K
19.10.2022	19.123,9	209,28K
18.10.2022	19.328,2	290,07K
17.10.2022	19.548,2	248,40K
16.10.2022	19.261,9	140,95K
15.10.2022	19.068,7	123,66K
14.10.2022	19.181,8	400,45K
13.10.2022	19.379,8	455,13K
12.10.2022	19.154,8	242,18K
11.10.2022	19.059,1	288,57K
10.10.2022	19.134,6	243,77K
09.10.2022	19.441,0	127,53K
08.10.2022	19.415,0	113,50K
07.10.2022	19.531,3	263,50K
06.10.2022	19.956,7	370,60K
05.10.2022	20.157,5	352,76K
04.10.2022	20.340,2	368,17K
03.10.2022	19.628,3	333,03K
02.10.2022	19.052,2	222,82K
01.10.2022	19.311,9	173,91K
30.09.2022	19.423,0	490,29K
29.09.2022	19.593,0	449,57K
28.09.2022	19.411,0	581,19K
27.09.2022	19.081,0	660,12K
26.09.2022	19.225,7	516,03K
25.09.2022	18.803,2	209,71K
24.09.2022	18.925,2	258,50K
23.09.2022	19.293,5	431,15K
22.09.2022	19.404,0	448,63K
21.09.2022	18.489,0	446,85K
20.09.2022	18.872,4	361,18K
19.09.2022	19.538,9	423,43K
18.09.2022	19.418,8	273,11K
17.09.2022	20.113,5	204,58K
16.09.2022	19.802,4	315,59K
15.09.2022	19.701,7	358,42K
14.09.2022	20.222,5	374,22K
13.09.2022	20.175,5	485,32K
12.09.2022	22.395,3	431,98K
11.09.2022	21.834,9	297,12K
10.09.2022	21.650,4	331,12K
09.09.2022	21.365,2	480,37K
08.09.2022	19.317,4	291,43K
07.09.2022	19.281,5	319,10K
06.09.2022	18.786,4	402,43K
05.09.2022	19.793,1	238,71K
04.09.2022	19.999,9	158,27K
03.09.2022	19.831,4	157,85K
02.09.2022	19.952,7	272,22K
01.09.2022	20.126,1	275,08K
31.08.2022	20.043,9	318,17K
30.08.2022	19.792,6	308,41K
29.08.2022	20.295,8	248,04K
28.08.2022	19.550,2	159,60K
27.08.2022	20.033,9	187,34K
26.08.2022	20.249,9	322,16K
25.08.2022	21.565,4	190,15K
24.08.2022	21.365,2	202,40K
23.08.2022	21.517,2	228,65K
22.08.2022	21.416,3	251,83K
21.08.2022	21.517,2	177,52K
20.08.2022	21.138,9	206,94K
19.08.2022	20.831,3	339,47K
18.08.2022	23.203,6	160,97K
17.08.2022	23.338,0	239,53K
16.08.2022	23.856,8	201,70K
15.08.2022	24.101,7	279,28K
14.08.2022	24.302,8	177,25K
13.08.2022	24.442,5	170,59K
12.08.2022	24.398,7	194,96K
11.08.2022	23.935,3	285,36K
10.08.2022	23.962,9	243,61K
09.08.2022	23.146,7	169,62K
08.08.2022	23.816,3	197,94K
07.08.2022	23.175,3	99,36K
06.08.2022	22.944,2	94,44K
05.08.2022	23.308,2	208,90K
04.08.2022	22.612,1	181,19K
03.08.2022	22.820,8	174,66K
02.08.2022	22.988,6	177,30K
01.08.2022	23.271,2	162,33K
31.07.2022	23.303,4	138,84K
30.07.2022	23.634,2	168,72K
29.07.2022	23.774,3	221,66K
28.07.2022	23.850,0	268,32K
27.07.2022	22.958,3	242,66K
26.07.2022	21.248,7	201,57K
25.07.2022	21.301,9	206,93K
24.07.2022	22.582,1	126,66K
23.07.2022	22.460,4	137,42K
22.07.2022	22.675,2	197,54K
21.07.2022	23.153,0	217,08K
20.07.2022	23.215,2	281,31K
19.07.2022	23.410,2	308,91K
18.07.2022	22.525,8	279,72K
17.07.2022	20.785,6	132,81K
16.07.2022	21.209,9	136,89K
15.07.2022	20.825,1	164,67K
14.07.2022	20.586,0	205,28K
13.07.2022	20.250,0	249,38K
12.07.2022	19.330,9	167,91K
11.07.2022	19.963,2	160,20K
10.07.2022	20.847,4	204,68K
09.07.2022	21.587,5	190,11K
08.07.2022	21.611,2	439,90K
07.07.2022	21.637,8	115,81K
06.07.2022	20.561,1	105,24K
05.07.2022	20.200,6	122,43K
04.07.2022	20.215,8	92,79K
03.07.2022	19.309,9	65,27K
02.07.2022	19.243,2	58,57K
01.07.2022	19.262,9	150,18K
30.06.2022	19.926,6	127,73K
29.06.2022	20.111,3	98,97K
28.06.2022	20.278,0	83,83K
27.06.2022	20.730,2	84,69K
26.06.2022	21.043,5	67,21K
25.06.2022	21.489,9	66,63K
24.06.2022	21.226,9	104,56K
23.06.2022	21.100,7	110,70K
22.06.2022	19.965,8	125,94K
21.06.2022	20.720,4	136,32K
20.06.2022	20.572,3	140,60K
19.06.2022	20.577,2	169,39K
18.06.2022	18.986,5	267,25K
17.06.2022	20.444,6	136,27K
16.06.2022	20.386,6	144,00K
15.06.2022	22.577,9	280,41K
14.06.2022	22.157,3	251,01K
13.06.2022	22.448,0	379,26K
12.06.2022	26.606,3	120,02K
11.06.2022	28.403,4	82,92K
10.06.2022	29.083,3	104,26K
09.06.2022	30.097,8	61,72K
08.06.2022	30.201,6	87,96K
07.06.2022	31.128,8	140,32K
06.06.2022	31.367,6	94,01K
05.06.2022	29.913,0	30,33K
04.06.2022	29.864,3	33,51K
03.06.2022	29.700,9	72,13K
02.06.2022	30.455,5	81,40K
01.06.2022	29.798,5	135,09K
31.05.2022	31.793,4	86,60K
30.05.2022	31.723,3	129,56K
29.05.2022	29.465,2	36,87K
28.05.2022	29.027,1	43,87K
27.05.2022	28.601,2	116,41K
26.05.2022	29.203,5	126,71K
25.05.2022	29.540,6	78,85K
24.05.2022	29.648,7	79,42K
23.05.2022	29.093,3	92,10K
22.05.2022	30.286,6	50,60K
21.05.2022	29.434,6	32,27K
20.05.2022	29.178,6	98,78K
19.05.2022	30.305,9	101,38K
18.05.2022	28.683,7	92,03K
17.05.2022	30.437,5	79,63K
16.05.2022	29.849,0	100,25K
15.05.2022	31.308,7	65,44K
14.05.2022	30.080,4	70,46K
13.05.2022	29.284,4	141,23K
12.05.2022	28.976,0	309,48K
11.05.2022	29.068,2	296,90K
10.05.2022	31.007,5	235,61K
09.05.2022	30.095,0	268,09K
08.05.2022	34.060,0	671,05M
07.05.2022	35.468,0	288,86M
06.05.2022	36.009,0	752,84M
05.05.2022	36.544,0	1,04B
04.05.2022	39.688,0	691,49M
03.05.2022	37.718,0	367,21M
02.05.2022	38.514,0	580,79M
01.05.2022	38.461,0	276,99M
30.04.2022	37.650,0	248,22M
29.04.2022	38.581,0	382,90M
28.04.2022	39.748,0	542,39M
27.04.2022	39.243,0	426,83M
26.04.2022	38.113,0	681,47M
25.04.2022	40.427,0	654,60M
24.04.2022	39.464,0	283,63M
23.04.2022	39.418,0	190,60M
22.04.2022	39.709,0	421,30M
21.04.2022	40.482,0	493,05M
20.04.2022	41.368,0	382,84M
19.04.2022	41.503,0	268,28M
18.04.2022	40.803,0	484,26M
17.04.2022	39.703,0	210,01M
16.04.2022	40.382,0	151,31M
15.04.2022	40.560,0	233,09M
14.04.2022	39.936,0	294,29M
13.04.2022	41.133,0	406,70M
12.04.2022	40.078,0	468,27M
11.04.2022	39.497,0	608,38M
10.04.2022	42.138,0	255,83M
09.04.2022	42.767,0	165,16M
08.04.2022	42.275,0	467,83M
07.04.2022	43.448,0	390,85M
06.04.2022	43.173,0	649,52M
05.04.2022	45.506,0	421,11M
04.04.2022	46.629,0	446,12M
03.04.2022	46.407,0	398,86M
02.04.2022	45.811,0	345,93M
01.04.2022	46.297,0	632,93M
31.03.2022	45.525,0	520,00M
30.03.2022	47.075,0	467,76M
29.03.2022	47.449,0	478,82M
28.03.2022	47.105,0	610,27M
27.03.2022	46.859,0	388,79M
26.03.2022	44.548,0	196,30M
25.03.2022	44.331,0	494,09M
24.03.2022	44.013,0	491,66M
23.03.2022	42.912,0	433,96M
22.03.2022	42.373,0	537,06M
21.03.2022	41.022,0	406,62M
20.03.2022	41.276,0	308,45M
19.03.2022	42.233,0	224,59M
18.03.2022	41.767,8	2,31B
17.03.2022	40.914,8	1,90B
16.03.2022	41.118,7	4,47B
15.03.2022	39.285,7	2,25B
14.03.2022	39.671,1	2,33B
13.03.2022	37.792,4	1,55B
12.03.2022	38.814,3	1,11B
11.03.2022	38.730,2	2,79B
10.03.2022	39.416,3	3,62B
09.03.2022	41.929,0	3,60B
08.03.2022	38.744,8	2,67B
07.03.2022	38.024,8	3,02B
06.03.2022	38.403,1	1,93B
05.03.2022	39.395,8	1,50B
04.03.2022	39.142,7	3,21B
03.03.2022	42.463,0	74,11K
02.03.2022	43.912,8	80,82K
01.03.2022	44.420,3	90,67K
28.02.2022	43.188,2	108,07K
27.02.2022	37.689,1	66,14K
26.02.2022	39.115,5	41,55K
25.02.2022	39.209,6	83,78K
24.02.2022	38.339,2	180,47K
23.02.2022	37.224,6	64,84K
22.02.2022	38.248,2	82,75K
21.02.2022	37.017,7	91,82K
20.02.2022	38.355,0	47,92K
19.02.2022	40.090,3	25,78K
18.02.2022	40.000,1	64,96K
17.02.2022	40.552,8	72,63K
16.02.2022	43.883,6	41,40K
15.02.2022	44.544,4	56,34K
14.02.2022	42.550,3	53,60K
13.02.2022	42.061,1	25,88K
12.02.2022	42.205,2	37,88K
11.02.2022	42.388,4	69,95K
10.02.2022	43.521,0	89,69K
09.02.2022	44.388,9	50,92K
08.02.2022	44.038,2	92,88K
07.02.2022	43.833,9	76,60K
06.02.2022	42.392,2	31,20K
05.02.2022	41.412,1	46,32K
04.02.2022	41.567,6	95,49K
03.02.2022	37.287,8	50,35K
02.02.2022	36.890,2	53,74K
01.02.2022	38.709,7	55,20K
31.01.2022	38.498,6	61,27K
30.01.2022	37.917,7	34,10K
29.01.2022	38.170,8	42,77K
28.01.2022	37.745,1	69,45K
27.01.2022	37.164,3	83,52K
26.01.2022	36.800,4	107,87K
25.01.2022	36.950,6	79,68K
24.01.2022	36.686,3	153,77K
23.01.2022	36.269,5	70,43K
22.01.2022	35.075,2	138,09K
21.01.2022	36.475,5	155,80K
20.01.2022	40.715,9	65,28K
19.01.2022	41.677,8	53,77K
18.01.2022	42.364,6	47,32K
17.01.2022	42.209,3	41,44K
16.01.2022	43.079,1	28,66K
15.01.2022	43.097,0	31,44K
14.01.2022	43.073,3	50,50K
13.01.2022	42.560,0	53,42K
12.01.2022	43.901,0	53,95K
11.01.2022	42.733,2	61,78K
10.01.2022	41.832,2	85,50K
09.01.2022	41.848,3	37,51K
08.01.2022	41.672,0	52,54K
07.01.2022	41.546,7	88,36K
06.01.2022	43.097,5	63,08K
05.01.2022	43.425,9	83,74K
04.01.2022	45.837,3	55,59K
03.01.2022	46.430,2	41,06K
02.01.2022	47.311,8	27,02K
01.01.2022	47.738,0	31,24K
31.12.2021	46.219,5	58,18K
30.12.2021	47.123,3	60,96K
29.12.2021	46.461,7	63,92K
28.12.2021	47.545,2	74,39K
27.12.2021	50.678,2	43,90K
26.12.2021	50.779,9	32,34K
25.12.2021	50.406,4	26,67K
24.12.2021	50.786,1	45,97K
23.12.2021	50.801,0	56,24K
22.12.2021	48.599,7	40,89K
21.12.2021	48.902,0	57,88K
20.12.2021	46.895,2	57,53K
19.12.2021	46.704,5	44,05K
18.12.2021	46.856,2	36,93K
17.12.2021	46.172,2	67,50K
16.12.2021	47.628,2	48,20K
15.12.2021	48.871,5	80,28K
14.12.2021	48.366,5	62,54K
13.12.2021	46.703,6	80,37K
12.12.2021	50.081,0	40,30K
11.12.2021	49.314,5	45,23K
10.12.2021	47.137,2	68,06K
09.12.2021	47.596,6	58,69K
08.12.2021	50.473,9	55,59K
07.12.2021	50.595,2	56,29K
06.12.2021	50.562,1	89,68K
05.12.2021	49.405,5	72,03K
04.12.2021	49.195,2	168,00K
03.12.2021	53.631,5	89,20K
02.12.2021	56.496,0	54,94K
01.12.2021	57.210,3	66,75K
30.11.2021	56.882,9	73,66K
29.11.2021	57.794,8	58,65K
28.11.2021	57.291,5	49,28K
27.11.2021	54.765,9	40,71K
26.11.2021	53.730,9	104,03K
25.11.2021	58.935,1	56,79K
24.11.2021	57.171,7	56,68K
23.11.2021	57.573,2	72,48K
22.11.2021	56.308,8	76,45K
21.11.2021	58.714,3	40,98K
20.11.2021	59.717,6	44,53K
19.11.2021	58.083,4	74,44K
18.11.2021	56.955,3	100,37K
17.11.2021	60.367,8	73,93K
16.11.2021	60.089,1	115,36K
15.11.2021	63.597,9	53,53K
14.11.2021	65.508,2	33,98K
13.11.2021	64.398,6	30,34K
12.11.2021	64.134,5	63,27K
11.11.2021	64.806,7	50,37K
10.11.2021	64.932,6	96,21K
09.11.2021	66.904,4	66,13K
08.11.2021	67.527,9	81,08K
07.11.2021	63.273,2	34,34K
06.11.2021	61.483,9	34,89K
05.11.2021	60.974,3	44,46K
04.11.2021	61.412,6	49,91K
03.11.2021	62.918,5	61,05K
02.11.2021	63.221,7	65,26K
01.11.2021	60.915,3	61,21K
31.10.2021	61.309,6	50,06K
30.10.2021	61.840,1	40,51K
29.10.2021	62.242,8	63,39K
28.10.2021	60.582,5	88,47K
27.10.2021	58.438,1	88,11K
26.10.2021	60.310,8	57,13K
25.10.2021	63.067,0	51,06K
24.10.2021	60.866,5	42,67K
23.10.2021	61.312,5	37,05K
22.10.2021	60.690,3	75,69K
21.10.2021	62.210,2	105,38K
20.10.2021	65.979,1	79,87K
19.10.2021	64.278,5	80,16K
18.10.2021	62.056,3	80,15K
17.10.2021	61.527,5	53,39K
16.10.2021	60.861,1	49,93K
15.10.2021	61.672,5	121,48K
14.10.2021	57.345,8	59,84K
13.10.2021	57.380,1	73,62K
12.10.2021	56.015,9	74,85K
11.10.2021	57.477,3	73,84K
10.10.2021	54.687,7	104,43K
09.10.2021	54.942,5	64,65K
08.10.2021	53.914,7	64,05K
07.10.2021	53.783,9	75,68K
06.10.2021	55.323,2	116,26K
05.10.2021	51.469,3	76,63K
04.10.2021	49.227,3	66,92K
03.10.2021	48.200,1	42,41K
02.10.2021	47.666,9	39,82K
01.10.2021	48.146,0	94,66K
30.09.2021	43.823,3	64,32K
29.09.2021	41.536,8	48,21K
28.09.2021	41.022,3	60,01K
27.09.2021	42.172,6	54,12K
26.09.2021	43.203,4	69,91K
25.09.2021	42.686,8	46,35K
24.09.2021	42.819,9	128,88K
23.09.2021	44.869,2	74,54K
22.09.2021	43.551,6	93,98K
21.09.2021	40.651,3	142,55K
20.09.2021	42.870,6	77,96K
19.09.2021	47.238,7	41,98K
18.09.2021	48.306,7	43,64K
17.09.2021	47.282,8	50,16K
16.09.2021	47.748,0	60,91K
15.09.2021	48.130,6	63,40K
14.09.2021	47.077,5	65,33K
13.09.2021	44.949,5	96,15K
12.09.2021	46.062,3	44,52K
11.09.2021	45.161,9	41,58K
10.09.2021	44.842,8	75,62K
09.09.2021	46.385,6	73,63K
08.09.2021	46.061,4	100,48K
07.09.2021	46.779,6	187,56K
06.09.2021	52.672,1	69,46K
05.09.2021	51.768,6	57,30K
04.09.2021	49.918,4	48,14K
03.09.2021	49.999,0	88,08K
02.09.2021	49.274,3	80,21K
01.09.2021	48.819,4	74,38K
31.08.2021	47.130,4	71,48K
30.08.2021	46.992,7	61,68K
29.08.2021	48.777,4	47,62K
28.08.2021	48.897,1	36,73K
27.08.2021	49.064,3	62,47K
26.08.2021	46.831,6	73,79K
25.08.2021	48.994,5	63,54K
24.08.2021	47.714,7	74,26K
23.08.2021	49.539,7	75,37K
22.08.2021	49.254,5	49,32K
21.08.2021	48.875,8	18,20K
20.08.2021	49.324,0	83,19K
19.08.2021	46.755,9	77,92K
18.08.2021	44.723,8	22,36K
17.08.2021	44.691,6	84,14K
16.08.2021	45.996,3	2,41K
15.08.2021	46.991,3	58,11K
14.08.2021	47.081,5	64,29K
13.08.2021	47.809,1	75,27K
12.08.2021	44.403,4	81,07K
11.08.2021	45.564,3	75,43K
10.08.2021	45.593,8	80,55K
09.08.2021	46.284,3	117,08K
08.08.2021	43.792,8	105,25K
07.08.2021	44.614,2	112,84K
06.08.2021	42.795,4	111,93K
05.08.2021	40.867,2	130,60K
04.08.2021	39.736,9	79,22K
03.08.2021	38.130,3	0,26K
02.08.2021	39.168,4	74,81K
01.08.2021	39.878,3	80,33K
31.07.2021	41.553,7	44,65K
30.07.2021	42.203,4	98,45K
29.07.2021	40.001,4	75,30K
28.07.2021	40.003,2	148,92K
27.07.2021	39.452,0	100,24K
26.07.2021	37.276,6	177,63K
25.07.2021	35.391,1	65,10K
24.07.2021	33.824,8	67,14K
23.07.2021	33.603,3	66,15K
22.07.2021	32.298,9	64,87K
21.07.2021	32.131,4	118,34K
20.07.2021	29.793,8	97,46K
19.07.2021	30.837,2	77,48K
18.07.2021	31.785,4	57,01K
17.07.2021	31.518,6	58,06K
16.07.2021	31.394,0	70,48K
15.07.2021	31.840,5	76,95K
14.07.2021	32.820,7	69,56K
13.07.2021	32.728,1	60,04K
12.07.2021	33.113,0	63,24K
11.07.2021	34.227,7	35,72K
10.07.2021	33.510,6	50,94K
09.07.2021	33.797,4	67,14K
08.07.2021	32.866,3	108,09K
07.07.2021	33.867,8	72,03K
06.07.2021	34.225,6	83,63K
05.07.2021	33.687,8	88,36K
04.07.2021	35.298,2	56,13K
03.07.2021	34.742,8	55,69K
02.07.2021	33.813,4	78,93K
01.07.2021	33.543,6	27,41K
30.06.2021	35.026,9	107,07K
29.06.2021	35.834,7	97,27K
28.06.2021	34.475,9	112,00K
27.06.2021	34.678,5	148,80K
26.06.2021	32.243,4	156,67K
25.06.2021	31.594,0	193,43K
24.06.2021	34.665,8	119,25K
23.06.2021	33.674,3	173,34K
22.06.2021	32.496,4	309,65K
21.06.2021	31.692,0	256,87K
20.06.2021	35.595,8	137,48K
19.06.2021	35.513,4	105,46K
18.06.2021	35.749,4	102,84K
17.06.2021	38.052,0	109,58K
16.06.2021	38.336,0	123,52K
15.06.2021	40.156,1	117,55K
14.06.2021	40.529,4	157,35K
13.06.2021	39.022,9	123,32K
12.06.2021	35.467,5	87,73K
11.06.2021	37.314,6	109,15K
10.06.2021	36.649,4	154,32K
09.06.2021	37.332,2	209,82K
08.06.2021	33.382,9	193,54K
07.06.2021	33.578,0	119,50K
06.06.2021	35.815,4	62,20K
05.06.2021	35.520,0	101,48K
04.06.2021	36.851,3	127,71K
03.06.2021	39.187,3	106,44K
02.06.2021	37.555,8	96,89K
01.06.2021	36.687,6	113,48K
31.05.2021	37.298,6	131,70K
30.05.2021	35.652,8	104,18K
29.05.2021	34.584,6	160,43K
28.05.2021	35.662,5	199,58K
27.05.2021	38.417,3	122,93K
26.05.2021	39.249,2	153,80K
25.05.2021	38.378,3	163,01K
24.05.2021	38.750,6	244,88K
23.05.2021	34.679,7	325,73K
22.05.2021	37.448,3	185,83K
21.05.2021	37.297,4	315,50K
20.05.2021	40.717,2	269,75K
19.05.2021	36.720,5	607,10K
18.05.2021	42.897,3	154,96K
17.05.2021	43.541,3	274,76K
16.05.2021	46.426,4	180,07K
15.05.2021	46.708,8	131,91K
14.05.2021	49.839,8	118,84K
13.05.2021	49.704,6	236,71K
12.05.2021	49.384,2	160,74K
11.05.2021	56.695,7	96,47K
10.05.2021	55.848,9	142,61K
09.05.2021	58.238,3	103,59K
08.05.2021	58.840,1	101,27K
07.05.2021	57.337,2	110,01K
06.05.2021	56.405,4	109,02K
05.05.2021	57.441,3	119,82K
04.05.2021	53.741,5	132,33K
03.05.2021	57.169,8	89,24K
02.05.2021	56.603,8	53,61K
01.05.2021	57.807,1	63,41K
30.04.2021	57.720,3	103,74K
29.04.2021	53.560,8	83,90K
28.04.2021	54.841,4	86,96K
27.04.2021	55.036,5	84,08K
26.04.2021	54.020,5	129,76K
25.04.2021	48.963,6	59,20K
24.04.2021	50.088,9	82,25K
23.04.2021	51.143,6	214,46K
22.04.2021	51.729,5	168,13K
21.04.2021	53.820,2	100,26K
20.04.2021	56.483,2	115,49K
19.04.2021	55.646,1	117,51K
18.04.2021	56.207,1	216,81K
17.04.2021	60.041,9	84,08K
16.04.2021	61.379,7	136,85K
15.04.2021	63.216,0	76,97K
14.04.2021	62.980,4	130,43K
13.04.2021	63.540,9	126,56K
12.04.2021	59.863,8	81,88K
11.04.2021	59.978,7	58,20K
10.04.2021	59.748,4	103,72K
09.04.2021	58.118,7	59,22K
08.04.2021	58.077,4	64,78K
07.04.2021	55.948,7	110,69K
06.04.2021	57.996,3	77,15K
05.04.2021	58.993,4	54,13K
04.04.2021	58.199,9	57,21K
03.04.2021	57.059,9	68,74K
02.04.2021	58.977,3	72,37K
01.04.2021	58.718,3	69,04K
31.03.2021	58.763,7	98,06K
30.03.2021	58.771,3	86,21K
29.03.2021	57.616,2	107,91K
28.03.2021	55.765,2	58,71K
27.03.2021	55.862,9	73,87K
26.03.2021	55.036,1	100,30K
25.03.2021	51.322,3	143,35K
24.03.2021	52.325,4	137,91K
23.03.2021	54.452,5	84,84K
22.03.2021	54.158,3	95,53K
21.03.2021	57.383,8	77,47K
20.03.2021	58.093,4	67,83K
19.03.2021	58.088,0	83,98K
18.03.2021	57.656,0	102,62K
17.03.2021	58.913,5	118,26K
16.03.2021	56.889,7	128,51K
15.03.2021	55.791,3	117,71K
14.03.2021	59.113,7	80,29K
13.03.2021	61.195,3	134,64K
12.03.2021	57.265,1	116,96K
11.03.2021	57.799,5	129,63K
10.03.2021	55.851,9	140,96K
09.03.2021	54.879,0	114,06K
08.03.2021	52.311,0	68,14K
07.03.2021	50.982,3	82,91K
06.03.2021	48.855,6	66,66K
05.03.2021	48.792,5	113,64K
04.03.2021	48.428,0	9,56K
03.03.2021	50.395,1	44,93K
02.03.2021	48.424,2	102,10K
01.03.2021	49.595,5	137,52K
28.02.2021	45.164,0	135,08K
27.02.2021	46.136,7	98,75K
26.02.2021	46.345,6	189,41K
25.02.2021	46.928,5	83,22K
24.02.2021	49.697,5	153,75K
23.02.2021	48.911,2	315,07K
22.02.2021	54.111,8	244,95K
21.02.2021	57.433,8	87,26K
20.02.2021	55.923,7	127,85K
19.02.2021	55.906,6	139,43K
18.02.2021	51.582,2	94,35K
17.02.2021	52.079,2	140,03K
16.02.2021	49.169,7	141,37K
15.02.2021	47.936,3	123,18K
14.02.2021	48.643,4	106,50K
13.02.2021	47.168,7	89,42K
12.02.2021	47.371,7	133,73K
11.02.2021	47.990,7	145,77K
10.02.2021	44.836,0	151,83K
09.02.2021	46.508,6	193,87K
08.02.2021	46.395,7	248,47K
07.02.2021	38.852,9	125,37K
06.02.2021	39.256,6	156,02K
05.02.2021	38.297,6	100,60K
04.02.2021	36.982,1	151,44K
03.02.2021	37.646,8	131,03K
02.02.2021	35.485,2	120,85K
01.02.2021	33.515,7	126,32K
31.01.2021	33.108,1	101,92K
30.01.2021	34.283,1	128,57K
29.01.2021	34.301,8	297,73K
28.01.2021	33.374,8	167,39K
27.01.2021	30.404,0	194,35K
26.01.2021	32.502,1	139,84K
25.01.2021	32.252,3	142,43K
24.01.2021	32.241,3	88,21K
23.01.2021	32.088,9	100,70K
22.01.2021	33.000,5	243,09K
21.01.2021	30.842,1	253,27K
20.01.2021	35.476,3	153,61K
19.01.2021	36.002,9	79,11K
18.01.2021	36.613,2	111,52K
17.01.2021	35.839,6	126,82K
16.01.2021	36.019,5	137,02K
15.01.2021	36.845,8	118,42K
14.01.2021	39.175,7	172,40K
13.01.2021	37.382,2	209,93K
12.01.2021	34.076,1	241,93K
11.01.2021	35.544,3	251,04K
10.01.2021	38.192,2	215,78K
09.01.2021	40.151,9	128,42K
08.01.2021	40.599,3	251,29K
07.01.2021	39.460,2	249,60K
06.01.2021	36.793,2	227,56K
05.01.2021	33.991,5	202,13K
04.01.2021	32.022,6	255,27K
03.01.2021	32.958,9	155,21K
02.01.2021	32.193,3	240,87K
01.01.2021	29.359,9	100,90K
31.12.2020	28.949,4	136,69K
30.12.2020	28.868,7	159,82K
29.12.2020	27.376,0	119,57K
28.12.2020	27.057,8	126,98K
27.12.2020	26.261,3	231,23K
26.12.2020	26.454,4	155,77K
25.12.2020	24.689,6	2,40K
24.12.2020	23.736,5	104,59K
23.12.2020	23.257,9	178,47K
22.12.2020	23.823,2	130,75K
21.12.2020	22.728,5	154,69K
20.12.2020	23.474,9	114,09K
19.12.2020	23.844,0	133,88K
18.12.2020	23.127,9	131,80K
17.12.2020	22.825,4	310,74K
16.12.2020	21.352,2	199,81K
15.12.2020	19.434,9	98,39K
14.12.2020	19.273,8	67,11K
13.12.2020	19.176,8	82,45K
12.12.2020	18.808,9	71,37K
11.12.2020	18.023,6	111,53K
10.12.2020	18.247,2	85,31K
09.12.2020	18.546,0	129,72K
08.12.2020	18.326,6	101,41K
07.12.2020	19.170,7	61,98K
06.12.2020	19.379,9	54,56K
05.12.2020	19.146,5	59,44K
04.12.2020	18.658,1	110,63K
03.12.2020	19.433,3	99,97K
02.12.2020	19.218,8	91,92K
01.12.2020	18.770,7	208,72K
30.11.2020	19.698,1	185,59K
29.11.2020	18.185,5	79,12K
28.11.2020	17.730,7	95,20K
27.11.2020	17.127,1	138,80K
26.11.2020	17.162,0	312,07K
25.11.2020	18.723,0	146,12K
24.11.2020	19.152,6	180,79K
23.11.2020	18.379,6	127,35K
22.11.2020	18.412,9	121,76K
21.11.2020	18.687,2	108,91K
20.11.2020	18.675,2	134,42K
19.11.2020	17.803,5	135,94K
18.11.2020	17.774,6	233,43K
17.11.2020	17.662,3	175,87K
16.11.2020	16.715,8	118,09K
15.11.2020	15.953,0	58,43K
14.11.2020	16.071,0	83,64K
13.11.2020	16.324,2	113,75K
12.11.2020	16.294,7	165,54K
11.11.2020	15.695,8	119,07K
10.11.2020	15.303,6	93,36K
09.11.2020	15.327,2	165,04K
08.11.2020	15.483,7	94,99K
07.11.2020	14.828,4	160,73K
06.11.2020	15.577,9	186,13K
05.11.2020	15.587,1	227,49K
04.11.2020	14.145,6	140,80K
03.11.2020	14.019,9	108,17K
02.11.2020	13.561,4	97,76K
01.11.2020	13.759,4	51,71K
31.10.2020	13.797,3	102,75K
30.10.2020	13.559,9	108,77K
29.10.2020	13.457,2	111,23K
28.10.2020	13.278,9	144,18K
27.10.2020	13.657,8	128,64K
26.10.2020	13.061,6	89,47K
25.10.2020	13.032,2	59,73K
24.10.2020	13.117,2	51,20K
23.10.2020	12.934,1	73,94K
22.10.2020	12.974,6	113,31K
21.10.2020	12.808,7	197,72K
20.10.2020	11.913,5	94,59K
19.10.2020	11.753,4	73,04K
18.10.2020	11.506,9	31,51K
17.10.2020	11.362,1	29,86K
16.10.2020	11.322,0	71,42K
15.10.2020	11.503,0	70,84K
14.10.2020	11.420,4	59,12K
13.10.2020	11.423,8	64,67K
12.10.2020	11.533,9	84,02K
11.10.2020	11.371,0	41,06K
10.10.2020	11.298,4	65,81K
09.10.2020	11.054,2	70,95K
08.10.2020	10.924,1	79,78K
07.10.2020	10.670,9	49,27K
06.10.2020	10.602,6	69,07K
05.10.2020	10.789,5	48,86K
04.10.2020	10.672,9	31,40K
03.10.2020	10.544,2	29,10K
02.10.2020	10.572,3	77,94K
01.10.2020	10.620,5	95,33K
30.09.2020	10.776,1	55,55K
29.09.2020	10.840,9	59,64K
28.09.2020	10.693,2	72,29K
27.09.2020	10.776,2	40,92K
26.09.2020	10.727,9	37,85K
25.09.2020	10.688,8	71,43K
24.09.2020	10.739,4	82,95K
23.09.2020	10.237,3	74,95K
22.09.2020	10.531,5	63,52K
21.09.2020	10.416,8	109,85K
20.09.2020	10.921,5	53,39K
19.09.2020	11.081,8	51,63K
18.09.2020	10.933,0	63,48K
17.09.2020	10.941,3	77,22K
16.09.2020	10.949,5	94,94K
15.09.2020	10.785,3	91,70K
14.09.2020	10.675,3	96,64K
13.09.2020	10.326,0	66,12K
12.09.2020	10.441,9	48,49K
11.09.2020	10.390,2	62,28K
10.09.2020	10.339,7	88,01K
09.09.2020	10.224,6	71,37K
08.09.2020	10.126,6	113,90K
07.09.2020	10.376,9	12,40M
06.09.2020	10.296,4	12,12M
05.09.2020	10.092,2	14,72M
04.09.2020	10.472,5	12,50M
03.09.2020	10.168,8	9,65M
02.09.2020	11.413,3	20,26M
01.09.2020	11.914,9	580,69K
31.08.2020	11.644,2	496,14K
30.08.2020	11.702,0	409,36K
29.08.2020	11.468,1	389,85K
28.08.2020	11.527,4	464,94K
27.08.2020	11.327,4	560,59K
26.08.2020	11.462,3	513,06K
25.08.2020	11.324,8	594,07K
24.08.2020	11.753,5	429,13K
23.08.2020	11.641,6	377,33K
22.08.2020	11.661,3	433,98K
21.08.2020	11.529,2	506,38K
20.08.2020	11.856,9	430,93K
19.08.2020	11.750,2	550,26K
18.08.2020	11.947,6	606,79K
17.08.2020	12.282,6	628,41K
16.08.2020	11.899,0	410,81K
15.08.2020	11.845,3	499,10K
14.08.2020	11.750,8	435,44K
13.08.2020	11.770,9	545,67K
12.08.2020	11.557,2	549,59K
11.08.2020	11.390,4	615,90K
10.08.2020	11.889,2	564,11K
09.08.2020	11.681,2	303,00K
08.08.2020	11.764,3	317,06K
07.08.2020	11.592,0	517,00K
06.08.2020	11.757,1	554,85K
05.08.2020	11.735,1	570,83K
04.08.2020	11.184,7	485,79K
03.08.2020	11.224,4	470,24K
02.08.2020	11.066,8	647,95K
01.08.2020	11.803,1	611,47K
31.07.2020	11.333,4	530,95K
30.07.2020	11.096,2	501,14K
29.07.2020	11.105,9	576,83K
28.07.2020	10.908,5	658,37K
27.07.2020	11.022,8	908,99K
26.07.2020	9.932,5	415,07K
25.07.2020	9.704,1	306,29K
24.07.2020	9.546,4	359,16K
23.07.2020	9.599,6	425,66K
22.07.2020	9.513,7	386,00K
21.07.2020	9.387,3	458,99K
20.07.2020	9.162,4	312,98K
19.07.2020	9.208,0	265,25K
18.07.2020	9.170,2	276,40K
17.07.2020	9.155,8	310,92K
16.07.2020	9.135,3	429,04K
15.07.2020	9.198,7	429,84K
14.07.2020	9.253,4	453,83K
13.07.2020	9.243,6	456,87K
12.07.2020	9.300,8	366,88K
11.07.2020	9.233,3	353,92K
10.07.2020	9.285,1	418,47K
09.07.2020	9.235,7	444,27K
08.07.2020	9.429,9	509,94K
07.07.2020	9.256,0	420,55K
06.07.2020	9.339,0	510,27K
05.07.2020	9.081,0	314,10K
04.07.2020	9.134,4	261,25K
03.07.2020	9.067,1	333,88K
02.07.2020	9.085,1	483,10K
01.07.2020	9.229,9	366,78K
30.06.2020	9.135,4	381,73K
29.06.2020	9.185,4	401,12K
28.06.2020	9.124,0	329,01K
27.06.2020	9.008,3	441,93K
26.06.2020	9.160,0	489,84K
25.06.2020	9.247,5	524,45K
24.06.2020	9.302,0	515,78K
23.06.2020	9.624,6	375,49K
22.06.2020	9.683,7	523,32K
21.06.2020	9.296,4	335,99K
20.06.2020	9.358,8	383,44K
19.06.2020	9.314,0	478,49K
18.06.2020	9.388,1	391,67K
17.06.2020	9.464,6	446,45K
16.06.2020	9.523,5	545,47K
15.06.2020	9.425,4	750,90K
14.06.2020	9.345,3	311,27K
13.06.2020	9.471,3	364,97K
12.06.2020	9.466,6	529,28K
11.06.2020	9.283,2	919,30K
10.06.2020	9.878,8	533,55K
09.06.2020	9.768,8	479,55K
08.06.2020	9.777,9	431,04K
07.06.2020	9.742,6	549,20K
06.06.2020	9.669,6	370,85K
05.06.2020	9.631,2	527,05K
04.06.2020	9.794,4	593,66K
03.06.2020	9.667,2	558,12K
02.06.2020	9.527,6	1,06M
01.06.2020	10.189,3	796,68K
31.05.2020	9.454,8	645,27K
30.05.2020	9.692,5	720,62K
29.05.2020	9.424,8	814,33K
28.05.2020	9.572,2	948,86K
27.05.2020	9.199,1	810,89K
26.05.2020	8.842,5	784,92K
25.05.2020	8.898,2	941,89K
24.05.2020	8.728,2	1,11M
23.05.2020	9.177,0	812,56K
22.05.2020	9.169,7	914,59K
21.05.2020	9.059,0	1,41M
20.05.2020	9.512,3	1,15M
19.05.2020	9.773,3	1,16M
18.05.2020	9.730,7	1,18M
17.05.2020	9.677,7	1,18M
16.05.2020	9.379,5	1,10M
15.05.2020	9.318,0	1,56M
14.05.2020	9.778,4	1,77M
13.05.2020	9.298,7	1,50M
12.05.2020	8.813,8	1,35M
11.05.2020	8.579,8	2,29M
10.05.2020	8.738,8	2,47M
09.05.2020	9.554,6	1,49M
08.05.2020	9.806,2	1,42M
07.05.2020	9.979,8	1,91M
06.05.2020	9.151,4	1,62M
05.05.2020	9.001,0	1,05M
04.05.2020	8.874,7	1,12M
03.05.2020	8.885,5	1,15M
02.05.2020	8.966,3	890,34K
01.05.2020	8.821,6	1,11M
30.04.2020	8.629,0	2,04M
29.04.2020	8.770,9	1,83M
28.04.2020	7.746,9	808,09K
27.04.2020	7.766,0	980,50K
26.04.2020	7.678,9	921,59K
25.04.2020	7.540,4	861,93K
24.04.2020	7.503,8	951,95K
23.04.2020	7.488,5	1,34M
22.04.2020	7.112,9	914,18K
21.04.2020	6.842,5	892,57K
20.04.2020	6.833,5	1,26M
19.04.2020	7.122,9	5,93M
18.04.2020	7.230,8	796,45K
17.04.2020	7.035,8	810,10K
16.04.2020	7.085,6	1,54M
15.04.2020	6.629,1	1,00M
14.04.2020	6.850,9	999,53K
13.04.2020	6.841,3	1,25M
12.04.2020	6.917,6	1,10M
11.04.2020	6.867,8	845,58K
10.04.2020	6.863,1	1,37M
09.04.2020	7.289,0	963,55K
08.04.2020	7.361,2	983,94K
07.04.2020	7.185,2	1,32M
06.04.2020	7.332,3	1,53M
05.04.2020	6.772,7	842,33K
04.04.2020	6.857,4	1,05M
03.04.2020	6.735,9	1,35M
02.04.2020	6.800,5	1,74M
01.04.2020	6.638,5	1,40M
31.03.2020	6.412,5	1,05M
30.03.2020	6.391,0	1,43M
29.03.2020	5.890,4	916,17K
28.03.2020	6.233,7	1,26M
27.03.2020	6.373,4	1,16M
26.03.2020	6.725,1	1,18M
25.03.2020	6.678,9	1,52M
24.03.2020	6.744,6	1,73M
23.03.2020	6.468,9	1,88M
22.03.2020	5.822,1	1,48M
21.03.2020	6.186,2	1,64M
20.03.2020	6.205,3	2,22M
19.03.2020	6.172,0	2,18M
18.03.2020	5.361,4	1,80M
17.03.2020	5.261,1	1,89M
16.03.2020	5.030,0	2,55M
15.03.2020	5.366,3	1,61M
14.03.2020	5.182,7	1,69M
13.03.2020	5.584,3	4,17M
12.03.2020	4.826,0	3,22M
11.03.2020	7.935,1	1,10M
10.03.2020	7.891,2	1,20M
09.03.2020	7.933,0	1,54M
08.03.2020	8.034,1	1,11M
07.03.2020	8.887,8	750,65K
06.03.2020	9.134,8	1,04M
05.03.2020	9.060,3	950,76K
04.03.2020	8.757,9	759,69K
03.03.2020	8.761,4	1,01M
02.03.2020	8.904,8	1,02M
01.03.2020	8.540,0	784,05K
29.02.2020	8.543,7	683,44K
28.02.2020	8.697,5	1,08M
27.02.2020	8.818,6	1,13M
26.02.2020	8.800,3	1,32M
25.02.2020	9.317,2	937,97K
24.02.2020	9.662,7	980,00K
23.02.2020	9.942,7	775,88K
22.02.2020	9.655,7	589,88K
21.02.2020	9.684,5	716,61K
20.02.2020	9.602,4	870,80K
19.02.2020	9.609,4	905,95K
18.02.2020	10.158,4	945,91K
17.02.2020	9.701,4	961,88K
16.02.2020	9.932,3	808,91K
15.02.2020	9.907,7	808,81K
14.02.2020	10.333,0	732,51K
13.02.2020	10.235,1	940,30K
12.02.2020	10.317,7	803,25K
11.02.2020	10.229,5	791,28K
10.02.2020	9.854,1	781,22K
09.02.2020	10.151,5	617,35K
08.02.2020	9.895,5	551,31K
07.02.2020	9.818,6	608,96K
06.02.2020	9.772,0	778,67K
05.02.2020	9.611,8	771,46K
04.02.2020	9.193,9	651,68K
03.02.2020	9.296,6	701,39K
02.02.2020	9.334,9	683,37K
01.02.2020	9.381,6	458,42K
31.01.2020	9.349,1	633,37K
30.01.2020	9.507,3	765,21K
29.01.2020	9.298,9	749,88K
28.01.2020	9.377,3	954,20K
27.01.2020	8.866,6	706,45K
26.01.2020	8.607,8	468,34K
25.01.2020	8.341,6	444,00K
24.01.2020	8.439,9	617,02K
23.01.2020	8.405,1	722,67K
22.01.2020	8.678,5	509,06K
21.01.2020	8.732,6	540,20K
20.01.2020	8.641,9	599,06K
19.01.2020	8.706,2	975,01K
18.01.2020	8.916,3	627,74K
17.01.2020	8.913,1	794,11K
16.01.2020	8.726,9	748,32K
15.01.2020	8.818,3	1,17M
14.01.2020	8.829,2	1,48M
13.01.2020	8.111,4	610,66K
12.01.2020	8.187,6	595,22K
11.01.2020	8.024,1	776,75K
10.01.2020	8.187,1	1,05M
09.01.2020	7.842,4	786,50K
08.01.2020	8.059,6	1,19M
07.01.2020	8.155,7	1,01M
06.01.2020	7.759,1	786,75K
05.01.2020	7.372,5	628,14K
04.01.2020	7.376,8	523,91K
03.01.2020	7.343,1	936,29K
02.01.2020	6.967,0	632,78K
01.01.2020	7.199,8	420,28K
31.12.2019	7.196,4	586,60K
30.12.2019	7.261,8	606,11K
29.12.2019	7.397,5	611,69K
28.12.2019	7.321,5	610,96K
27.12.2019	7.261,7	718,07K
26.12.2019	7.210,9	795,09K
25.12.2019	7.224,8	625,41K
24.12.2019	7.268,3	785,54K
23.12.2019	7.322,8	952,16K
22.12.2019	7.495,8	677,94K
21.12.2019	7.156,2	468,74K
20.12.2019	7.196,4	627,04K
19.12.2019	7.165,5	778,72K
18.12.2019	7.276,0	1,14M
17.12.2019	6.613,3	894,55K
16.12.2019	6.903,5	689,56K
15.12.2019	7.128,5	492,58K
14.12.2019	7.080,8	524,56K
13.12.2019	7.255,2	503,49K
12.12.2019	7.208,0	611,80K
11.12.2019	7.208,0	518,40K
10.12.2019	7.235,7	609,50K
09.12.2019	7.355,8	648,66K
08.12.2019	7.524,4	499,04K
07.12.2019	7.510,9	557,14K
06.12.2019	7.530,8	706,10K
05.12.2019	7.399,2	780,78K
04.12.2019	7.204,4	971,75K
03.12.2019	7.291,8	548,77K
02.12.2019	7.298,2	687,78K
01.12.2019	7.396,4	777,00K
30.11.2019	7.546,6	650,60K
29.11.2019	7.742,7	766,71K
28.11.2019	7.426,7	737,58K
27.11.2019	7.510,6	996,49K
26.11.2019	7.162,8	844,27K
25.11.2019	7.115,6	1,29M
24.11.2019	6.924,7	904,50K
23.11.2019	7.324,1	783,18K
22.11.2019	7.272,5	1,41M
21.11.2019	7.627,9	891,50K
20.11.2019	8.099,3	607,27K
19.11.2019	8.145,7	654,27K
18.11.2019	8.208,4	692,60K
17.11.2019	8.509,8	531,22K
16.11.2019	8.497,3	471,16K
15.11.2019	8.476,3	653,71K
14.11.2019	8.661,2	515,43K
13.11.2019	8.783,1	454,33K
12.11.2019	8.812,6	575,16K
11.11.2019	8.736,9	601,16K
10.11.2019	9.036,8	581,57K
09.11.2019	8.804,5	512,02K
08.11.2019	8.778,2	791,79K
07.11.2019	9.223,5	603,54K
06.11.2019	9.338,9	578,03K
05.11.2019	9.310,8	653,42K
04.11.2019	9.396,4	681,01K
03.11.2019	9.198,3	536,56K
02.11.2019	9.300,6	570,74K
01.11.2019	9.230,1	689,65K
31.10.2019	9.152,6	798,93K
30.10.2019	9.157,9	789,73K
29.10.2019	9.411,3	918,48K
28.10.2019	9.207,2	1,04M
27.10.2019	9.529,6	1,16M
26.10.2019	9.230,6	1,78M
25.10.2019	8.658,3	1,18M
24.10.2019	7.422,7	586,49K
23.10.2019	7.477,0	892,08K
22.10.2019	8.031,4	570,39K
21.10.2019	8.208,2	489,40K
20.10.2019	8.223,4	513,91K
19.10.2019	7.957,3	428,83K
18.10.2019	7.948,5	505,79K
17.10.2019	8.073,3	444,95K
16.10.2019	8.000,4	538,92K
15.10.2019	8.167,2	469,73K
14.10.2019	8.353,3	505,02K
13.10.2019	8.281,5	419,87K
12.10.2019	8.304,4	424,02K
11.10.2019	8.267,8	667,86K
10.10.2019	8.562,3	511,46K
09.10.2019	8.566,7	636,43K
08.10.2019	8.182,9	469,04K
07.10.2019	8.198,6	604,74K
06.10.2019	7.881,9	448,80K
05.10.2019	8.127,3	360,92K
04.10.2019	8.148,1	416,92K
03.10.2019	8.226,9	460,97K
02.10.2019	8.364,1	405,86K
01.10.2019	8.302,7	533,95K
30.09.2019	8.284,3	600,26K
29.09.2019	8.049,1	418,48K
28.09.2019	8.208,5	457,79K
27.09.2019	8.184,9	561,40K
26.09.2019	8.063,8	731,03K
25.09.2019	8.432,4	696,11K
24.09.2019	8.513,9	933,16K
23.09.2019	9.702,2	431,10K
22.09.2019	10.031,6	337,06K
21.09.2019	9.993,0	326,17K
20.09.2019	10.172,7	362,07K
19.09.2019	10.250,5	542,25K
18.09.2019	10.164,7	318,82K
17.09.2019	10.195,7	321,64K
16.09.2019	10.255,5	372,53K
15.09.2019	10.311,5	255,79K
14.09.2019	10.337,3	326,44K
13.09.2019	10.342,1	365,52K
12.09.2019	10.415,1	413,22K
11.09.2019	10.162,5	413,06K
10.09.2019	10.105,4	383,22K
09.09.2019	10.309,0	473,76K
08.09.2019	10.402,8	339,73K
07.09.2019	10.461,1	393,57K
06.09.2019	10.309,3	643,02K
05.09.2019	10.566,9	402,09K
04.09.2019	10.568,2	504,45K
03.09.2019	10.612,3	578,79K
02.09.2019	10.348,8	542,79K
01.09.2019	9.729,3	322,66K
31.08.2019	9.594,4	311,49K
30.08.2019	9.585,4	413,92K
29.08.2019	9.491,0	509,13K
28.08.2019	9.729,4	580,29K
27.08.2019	10.184,8	419,81K
26.08.2019	10.371,8	568,77K
25.08.2019	10.136,3	422,53K
24.08.2019	10.131,0	463,85K
23.08.2019	10.388,7	436,26K
22.08.2019	10.105,0	520,75K
21.08.2019	10.141,5	717,65K
20.08.2019	10.752,6	515,47K
19.08.2019	10.910,7	519,01K
18.08.2019	10.312,7	441,11K
17.08.2019	10.218,1	497,77K
16.08.2019	10.335,6	798,67K
15.08.2019	10.303,4	930,05K
14.08.2019	10.049,4	745,59K
13.08.2019	10.892,9	540,78K
12.08.2019	11.394,2	391,08K
11.08.2019	11.517,2	435,83K
10.08.2019	11.314,5	570,74K
09.08.2019	12.089,8	558,72K
08.08.2019	12.191,6	592,15K
07.08.2019	12.013,9	702,85K
06.08.2019	11.480,9	807,58K
05.08.2019	11.816,8	769,63K
04.08.2019	10.934,6	585,71K
03.08.2019	10.815,7	508,75K
02.08.2019	10.520,1	578,29K
01.08.2019	10.380,0	608,37K
31.07.2019	10.082,0	589,84K
30.07.2019	9.580,7	511,51K
29.07.2019	9.580,9	510,90K
28.07.2019	9.727,8	518,59K
27.07.2019	9.492,1	661,89K
26.07.2019	9.831,0	493,75K
25.07.2019	9.945,3	545,85K
24.07.2019	9.804,3	639,54K
23.07.2019	9.888,7	663,38K
22.07.2019	10.412,5	591,27K
21.07.2019	10.714,4	562,17K
20.07.2019	10.826,7	668,94K
19.07.2019	10.571,5	727,79K
18.07.2019	10.651,4	974,49K
17.07.2019	9.723,2	1,03M
16.07.2019	9.424,8	1,05M
15.07.2019	10.845,9	956,52K
14.07.2019	10.200,1	840,76K
13.07.2019	11.364,9	747,71K
12.07.2019	11.762,1	738,17K
11.07.2019	11.342,3	943,13K
10.07.2019	12.110,6	1,11M
09.07.2019	12.541,5	847,84K
08.07.2019	12.252,6	695,60K
07.07.2019	11.415,9	601,93K
06.07.2019	11.268,0	688,96K
05.07.2019	10.970,2	772,67K
04.07.2019	11.163,1	840,34K
03.07.2019	11.900,8	998,73K
02.07.2019	10.835,9	1,12M
01.07.2019	10.616,6	1,04M
30.06.2019	10.818,6	880,77K
29.06.2019	11.906,5	834,62K
28.06.2019	12.409,1	1,09M
27.06.2019	11.287,8	1,59M
26.06.2019	13.063,8	1,48M
25.06.2019	11.809,9	781,09K
24.06.2019	11.046,4	566,96K
23.06.2019	10.897,1	683,79K
22.06.2019	10.721,7	1,09M
21.06.2019	10.179,3	769,12K
20.06.2019	9.517,0	693,62K
19.06.2019	9.255,4	587,57K
18.06.2019	9.080,6	723,17K
17.06.2019	9.318,8	738,80K
16.06.2019	8.962,5	849,77K
15.06.2019	8.812,5	608,69K
14.06.2019	8.656,1	643,17K
13.06.2019	8.219,0	574,21K
12.06.2019	8.133,1	607,89K
11.06.2019	7.888,0	579,00K
10.06.2019	7.987,8	641,38K
09.06.2019	7.635,0	554,48K
08.06.2019	7.901,4	485,81K
07.06.2019	7.985,2	588,87K
06.06.2019	7.784,9	651,82K
05.06.2019	7.779,1	762,94K
04.06.2019	7.685,5	966,95K
03.06.2019	8.124,8	739,45K
02.06.2019	8.728,6	614,54K
01.06.2019	8.545,7	686,75K
31.05.2019	8.558,3	858,41K
30.05.2019	8.271,9	1,04M
29.05.2019	8.647,8	15,43M
28.05.2019	8.716,3	763,20K
27.05.2019	8.760,1	907,96K
26.05.2019	8.630,2	872,12K
25.05.2019	8.027,4	691,27K
24.05.2019	7.970,1	868,47K
23.05.2019	7.852,1	815,14K
22.05.2019	7.635,7	821,40K
21.05.2019	7.930,3	804,88K
20.05.2019	7.965,3	958,81K
19.05.2019	8.157,2	1,08M
18.05.2019	7.262,6	865,53K
17.05.2019	7.359,5	1,43M
16.05.2019	7.871,8	1,18M
15.05.2019	8.164,6	1,13M
14.05.2019	7.994,6	1,33M
13.05.2019	7.806,0	1,20M
12.05.2019	6.984,8	1,35M
11.05.2019	7.190,3	1,31M
10.05.2019	6.386,0	907,94K
09.05.2019	6.191,5	799,96K
08.05.2019	5.990,3	757,13K
07.05.2019	5.849,5	955,88K
06.05.2019	5.745,1	755,39K
05.05.2019	5.774,9	709,02K
04.05.2019	5.830,9	920,61K
03.05.2019	5.766,8	1,04M
02.05.2019	5.493,8	722,23K
01.05.2019	5.384,2	623,64K
30.04.2019	5.320,8	697,42K
29.04.2019	5.235,0	775,82K
28.04.2019	5.302,3	681,41K
27.04.2019	5.265,9	833,13K
26.04.2019	5.298,3	1,03M
25.04.2019	5.209,1	955,36K
24.04.2019	5.415,6	994,04K
23.04.2019	5.511,6	900,00K
22.04.2019	5.346,7	920,77K
21.04.2019	5.243,5	811,41K
20.04.2019	5.290,2	782,32K
19.04.2019	5.241,0	787,09K
18.04.2019	5.264,7	727,97K
17.04.2019	5.208,3	806,52K
16.04.2019	5.180,9	631,05K
15.04.2019	5.032,3	688,20K
14.04.2019	5.134,8	566,38K
13.04.2019	5.051,8	577,16K
12.04.2019	5.054,2	779,14K
11.04.2019	5.022,6	943,49K
10.04.2019	5.307,8	837,51K
09.04.2019	5.158,4	784,62K
08.04.2019	5.245,2	928,23K
07.04.2019	5.173,6	841,27K
06.04.2019	5.046,2	952,18K
05.04.2019	5.010,2	851,72K
04.04.2019	4.902,4	1,05M
03.04.2019	4.968,7	13,83M
02.04.2019	4.859,3	14,77M
01.04.2019	4.145,1	3,22M
31.03.2019	4.102,3	2,43M
30.03.2019	4.111,8	2,55M
29.03.2019	4.102,2	3,30M
28.03.2019	4.025,6	2,11M
27.03.2019	4.041,7	2,78M
26.03.2019	3.942,8	2,53M
25.03.2019	3.937,0	2,86M
24.03.2019	3.994,7	2,04M
23.03.2019	4.002,5	2,00M
22.03.2019	3.990,4	2,83M
21.03.2019	3.982,2	3,88M
20.03.2019	4.041,2	3,18M
19.03.2019	4.017,0	2,99M
18.03.2019	3.990,2	2,62M
17.03.2019	3.981,5	1,87M
16.03.2019	4.006,4	3,46M
15.03.2019	3.924,3	3,11M
14.03.2019	3.879,0	2,86M
13.03.2019	3.865,1	2,28M
12.03.2019	3.886,0	2,90M
11.03.2019	3.870,3	3,19M
10.03.2019	3.915,2	1,89M
09.03.2019	3.944,3	2,48M
08.03.2019	3.865,9	2,96M
07.03.2019	3.875,1	2,60M
06.03.2019	3.863,0	2,52M
05.03.2019	3.857,2	3,82M
04.03.2019	3.715,9	2,85M
03.03.2019	3.809,5	1,51M
02.03.2019	3.823,1	1,61M
01.03.2019	3.821,9	1,74M
28.02.2019	3.816,6	2,31M
27.02.2019	3.814,6	2,82M
26.02.2019	3.810,3	2,09M
25.02.2019	3.833,7	765,87K
24.02.2019	3.755,2	977,78K
23.02.2019	4.120,4	727,85K
22.02.2019	3.965,2	649,55K
21.02.2019	3.936,6	668,16K
20.02.2019	3.972,4	698,01K
19.02.2019	3.914,3	1,44M
18.02.2019	3.896,0	933,15K
17.02.2019	3.664,2	580,51K
16.02.2019	3.616,8	485,63K
15.02.2019	3.604,7	516,21K
14.02.2019	3.592,6	498,14K
13.02.2019	3.611,5	558,02K
12.02.2019	3.632,0	545,82K
11.02.2019	3.631,8	517,28K
10.02.2019	3.679,0	501,90K
09.02.2019	3.661,4	454,80K
08.02.2019	3.661,7	699,23K
07.02.2019	3.397,7	471,36K
06.02.2019	3.404,3	514,21K
05.02.2019	3.468,4	460,95K
04.02.2019	3.462,8	503,92K
03.02.2019	3.459,1	451,66K
02.02.2019	3.502,5	443,60K
01.02.2019	3.467,9	481,58K
31.01.2019	3.437,2	477,07K
30.01.2019	3.460,0	600,25K
29.01.2019	3.414,8	585,46K
28.01.2019	3.442,8	620,85K
27.01.2019	3.555,6	464,02K
26.01.2019	3.570,9	432,55K
25.01.2019	3.572,0	448,89K
24.01.2019	3.574,3	428,60K
23.01.2019	3.561,5	445,87K
22.01.2019	3.580,1	447,70K
21.01.2019	3.536,7	394,17K
20.01.2019	3.542,3	563,31K
19.01.2019	3.677,8	537,06K
18.01.2019	3.605,6	488,16K
17.01.2019	3.626,4	525,10K
16.01.2019	3.588,0	487,34K
15.01.2019	3.571,3	544,85K
14.01.2019	3.638,1	539,93K
13.01.2019	3.490,2	452,79K
12.01.2019	3.597,2	435,06K
11.01.2019	3.616,5	551,64K
10.01.2019	3.603,7	697,31K
09.01.2019	3.978,0	473,42K
08.01.2019	3.971,0	514,08K
07.01.2019	3.985,9	500,88K
06.01.2019	4.004,1	529,89K
05.01.2019	3.785,4	468,45K
04.01.2019	3.802,7	488,70K
03.01.2019	3.780,1	450,32K
02.01.2019	3.873,8	554,47K
01.01.2019	3.809,4	469,11K
31.12.2018	3.709,4	545,83K
30.12.2018	3.815,0	519,17K
29.12.2018	3.706,8	505,41K
28.12.2018	3.861,6	565,24K
27.12.2018	3.586,9	543,44K
26.12.2018	3.793,7	567,11K
25.12.2018	3.762,5	670,94K
24.12.2018	4.026,1	716,29K
23.12.2018	3.944,4	572,21K
22.12.2018	3.964,4	554,59K
21.12.2018	3.850,9	748,76K
20.12.2018	4.076,0	958,58K
19.12.2018	3.687,1	792,40K
18.12.2018	3.668,0	698,53K
17.12.2018	3.526,1	534,78K
16.12.2018	3.247,9	335,69K
15.12.2018	3.228,7	332,95K
14.12.2018	3.247,8	445,56K
13.12.2018	3.315,3	435,89K
12.12.2018	3.466,1	391,17K
11.12.2018	3.407,7	418,53K
10.12.2018	3.460,5	394,49K
09.12.2018	3.567,5	327,93K
08.12.2018	3.430,4	424,40K
07.12.2018	3.422,2	639,33K
06.12.2018	3.508,6	467,54K
05.12.2018	3.771,6	341,60K
04.12.2018	3.958,5	326,71K
03.12.2018	3.897,8	355,10K
02.12.2018	4.160,4	298,63K
01.12.2018	4.196,2	316,30K
30.11.2018	4.039,7	444,52K
29.11.2018	4.296,5	414,46K
28.11.2018	4.265,4	533,04K
27.11.2018	3.866,5	457,27K
26.11.2018	3.837,0	571,04K
25.11.2018	4.062,2	619,95K
24.11.2018	3.920,4	382,72K
23.11.2018	4.398,0	348,99K
22.11.2018	4.356,0	261,85K
21.11.2018	4.638,7	412,74K
20.11.2018	4.524,6	714,08K
19.11.2018	4.883,8	478,26K
18.11.2018	5.658,3	158,68K
17.11.2018	5.621,8	156,51K
16.11.2018	5.636,2	224,12K
15.11.2018	5.718,9	375,86K
14.11.2018	5.842,4	438,21K
13.11.2018	6.429,2	137,60K
12.11.2018	6.435,0	130,16K
11.11.2018	6.446,1	127,40K
10.11.2018	6.427,1	115,87K
09.11.2018	6.412,0	151,60K
08.11.2018	6.474,0	159,30K
07.11.2018	6.565,3	170,76K
06.11.2018	6.502,8	154,87K
05.11.2018	6.459,7	128,51K
04.11.2018	6.478,2	128,76K
03.11.2018	6.386,2	112,84K
02.11.2018	6.424,7	135,87K
01.11.2018	6.400,5	124,16K
31.10.2018	6.365,9	129,06K
30.10.2018	6.325,7	128,21K
29.10.2018	6.335,0	160,52K
28.10.2018	6.486,1	93,97K
27.10.2018	6.494,2	76,72K
26.10.2018	6.510,0	97,17K
25.10.2018	6.507,0	97,43K
24.10.2018	6.530,7	98,74K
23.10.2018	6.528,7	108,86K
22.10.2018	6.555,8	101,57K
21.10.2018	6.583,0	92,94K
20.10.2018	6.572,2	97,77K
19.10.2018	6.512,0	121,44K
18.10.2018	6.574,1	134,15K
17.10.2018	6.686,6	136,71K
16.10.2018	6.705,3	155,85K
15.10.2018	6.699,8	443,33K
14.10.2018	6.326,8	99,38K
13.10.2018	6.321,7	94,45K
12.10.2018	6.291,3	147,40K
11.10.2018	6.239,1	245,28K
10.10.2018	6.618,0	101,93K
09.10.2018	6.650,8	80,79K
08.10.2018	6.669,6	119,68K
07.10.2018	6.611,0	77,06K
06.10.2018	6.596,3	9,18M
05.10.2018	6.639,1	9,34M
04.10.2018	6.584,2	9,31M
03.10.2018	6.507,8	9,21M
02.10.2018	6.549,9	9,34M
01.10.2018	6.608,2	9,19M
30.09.2018	6.635,2	9,34M
29.09.2018	6.603,9	9,42M
28.09.2018	6.636,0	9,57M
27.09.2018	6.689,2	9,34M
26.09.2018	6.468,1	8,64M
25.09.2018	6.445,1	7,34M
24.09.2018	6.584,1	7,57M
23.09.2018	6.704,1	7,34M
22.09.2018	6.729,6	7,31M
21.09.2018	6.766,7	7,73M
20.09.2018	6.489,2	5,18M
19.09.2018	6.390,4	3,54M
18.09.2018	6.342,0	2,82M
17.09.2018	6.251,9	3,26M
16.09.2018	6.500,2	3,34M
15.09.2018	6.519,0	3,16M
14.09.2018	6.483,7	3,20M
13.09.2018	6.482,9	3,53M
12.09.2018	6.338,0	3,04M
11.09.2018	6.293,9	3,30M
10.09.2018	6.321,0	3,11M
09.09.2018	6.238,5	2,84M
08.09.2018	6.184,3	3,46M
07.09.2018	6.390,9	3,30M
06.09.2018	6.514,0	4,02M
05.09.2018	6.706,8	4,55M
04.09.2018	7.377,5	3,92M
03.09.2018	7.264,2	3,87M
02.09.2018	7.293,9	3,90M
01.09.2018	7.189,6	3,52M
31.08.2018	7.033,8	4,21M
30.08.2018	6.993,7	3,74M
29.08.2018	7.029,1	4,11M
28.08.2018	7.074,6	3,79M
27.08.2018	6.897,6	3,26M
26.08.2018	6.712,7	3,37M
25.08.2018	6.734,8	3,59M
24.08.2018	6.680,4	3,70M
23.08.2018	6.521,2	2,76M
22.08.2018	6.359,6	3,63M
21.08.2018	6.482,2	1,46M
20.08.2018	6.268,1	3,10M
19.08.2018	6.481,5	2,71M
18.08.2018	6.379,1	3,15M
17.08.2018	6.581,7	3,20M
16.08.2018	6.306,7	3,50M
15.08.2018	6.256,9	3,74M
14.08.2018	6.190,2	3,66M
13.08.2018	6.255,3	234,09K
12.08.2018	6.313,0	216,33K
11.08.2018	6.231,6	247,34K
10.08.2018	6.152,3	298,82K
09.08.2018	6.538,8	237,66K
08.08.2018	6.283,6	311,54K
07.08.2018	6.724,9	232,48K
06.08.2018	6.943,6	168,87K
05.08.2018	7.027,1	177,64K
04.08.2018	7.014,3	222,57K
03.08.2018	7.419,0	226,46K
02.08.2018	7.535,6	216,34K
01.08.2018	7.606,4	237,69K
31.07.2018	7.729,4	266,94K
30.07.2018	8.177,1	242,21K
29.07.2018	8.215,6	155,24K
28.07.2018	8.234,1	147,14K
27.07.2018	8.187,4	243,22K
26.07.2018	7.937,0	235,45K
25.07.2018	8.173,7	269,23K
24.07.2018	8.407,0	345,32K
23.07.2018	7.723,0	272,15K
22.07.2018	7.412,3	204,16K
21.07.2018	7.408,7	160,77K
20.07.2018	7.339,4	258,85K
19.07.2018	7.477,5	247,25K
18.07.2018	7.383,6	333,32K
17.07.2018	7.322,0	337,75K
16.07.2018	6.729,9	312,12K
15.07.2018	6.362,9	180,67K
14.07.2018	6.254,8	243,71K
13.07.2018	6.230,2	233,22K
12.07.2018	6.250,6	289,24K
11.07.2018	6.389,1	243,82K
10.07.2018	6.307,2	315,27K
09.07.2018	6.667,1	289,48K
08.07.2018	6.714,8	267,60K
07.07.2018	6.765,5	114,57K
06.07.2018	6.617,7	132,69K
05.07.2018	6.546,5	166,18K
04.07.2018	6.598,4	143,04K
03.07.2018	6.513,5	150,19K
02.07.2018	6.619,5	179,92K
01.07.2018	6.366,8	128,51K
30.06.2018	6.398,9	189,33K
29.06.2018	6.213,3	206,96K
28.06.2018	5.883,5	156,05K
27.06.2018	6.154,9	133,42K
26.06.2018	6.082,1	176,66K
25.06.2018	6.256,6	210,69K
24.06.2018	6.154,6	240,60K
23.06.2018	6.167,3	142,90K
22.06.2018	6.055,7	278,22K
21.06.2018	6.728,0	99,29K
20.06.2018	6.765,4	121,48K
19.06.2018	6.752,4	120,54K
18.06.2018	6.719,8	135,70K
17.06.2018	6.460,3	90,67K
16.06.2018	6.505,8	108,79K
15.06.2018	6.410,3	143,53K
14.06.2018	6.647,1	201,54K
13.06.2018	6.312,3	237,48K
12.06.2018	6.558,2	178,26K
11.06.2018	6.885,9	174,88K
10.06.2018	6.775,1	275,69K
09.06.2018	7.515,8	97,56K
08.06.2018	7.622,1	112,88K
07.06.2018	7.697,8	124,00K
06.06.2018	7.661,0	130,66K
05.06.2018	7.631,5	145,23K
04.06.2018	7.504,3	141,01K
03.06.2018	7.729,3	116,68K
02.06.2018	7.646,6	121,18K
01.06.2018	7.530,8	135,92K
31.05.2018	7.502,6	144,52K
30.05.2018	7.400,1	140,37K
29.05.2018	7.467,7	186,97K
28.05.2018	7.119,3	152,29K
27.05.2018	7.366,7	103,29K
26.05.2018	7.361,3	103,07K
25.05.2018	7.477,7	161,82K
24.05.2018	7.592,9	211,11K
23.05.2018	7.512,3	237,60K
22.05.2018	8.006,0	137,51K
21.05.2018	8.403,3	115,52K
20.05.2018	8.529,0	113,76K
19.05.2018	8.245,1	107,89K
18.05.2018	8.245,7	150,32K
17.05.2018	8.063,0	154,36K
16.05.2018	8.344,4	188,03K
15.05.2018	8.477,0	179,62K
14.05.2018	8.674,1	212,05K
13.05.2018	8.693,5	149,80K
12.05.2018	8.459,5	210,87K
11.05.2018	8.408,3	270,62K
10.05.2018	9.025,7	152,71K
09.05.2018	9.319,1	147,89K
08.05.2018	9.196,4	157,45K
07.05.2018	9.431,6	165,08K
06.05.2018	9.656,4	150,95K
05.05.2018	9.853,5	158,45K
04.05.2018	9.708,6	161,55K
03.05.2018	9.749,7	201,18K
02.05.2018	9.243,2	137,48K
01.05.2018	9.074,9	173,35K
30.04.2018	9.245,1	156,83K
29.04.2018	9.415,1	184,72K
28.04.2018	9.352,4	199,78K
27.04.2018	8.940,9	184,91K
26.04.2018	9.287,0	248,39K
25.04.2018	8.873,1	395,67K
24.04.2018	9.645,3	260,79K
23.04.2018	8.952,8	147,54K
22.04.2018	8.806,7	161,89K
21.04.2018	8.923,1	206,01K
20.04.2018	8.867,0	225,96K
19.04.2018	8.290,8	155,08K
18.04.2018	8.178,4	163,26K
17.04.2018	7.908,6	162,59K
16.04.2018	8.070,0	197,70K
15.04.2018	8.363,6	160,26K
14.04.2018	8.004,4	164,71K
13.04.2018	7.887,4	296,95K
12.04.2018	7.926,6	398,30K
11.04.2018	6.962,1	142,07K
10.04.2018	6.854,8	134,23K
09.04.2018	6.781,9	241,19K
08.04.2018	7.030,5	132,51K
07.04.2018	6.905,7	177,10K
06.04.2018	6.624,3	174,90K
05.04.2018	6.782,0	221,70K
04.04.2018	6.808,9	239,51K
03.04.2018	7.424,2	230,80K
02.04.2018	7.068,4	199,31K
01.04.2018	6.825,2	257,53K
31.03.2018	6.938,2	245,30K
30.03.2018	6.853,7	417,31K
29.03.2018	7.129,2	348,75K
28.03.2018	7.954,9	167,36K
27.03.2018	7.801,7	223,10K
26.03.2018	8.143,5	247,18K
25.03.2018	8.473,2	149,52K
24.03.2018	8.547,4	177,43K
23.03.2018	8.916,8	210,11K
22.03.2018	8.726,2	223,01K
21.03.2018	8.905,9	218,19K
20.03.2018	8.912,6	253,44K
19.03.2018	8.616,8	316,96K
18.03.2018	8.201,2	348,02K
17.03.2018	7.874,9	208,05K
16.03.2018	8.289,2	236,13K
15.03.2018	8.264,4	326,53K
14.03.2018	8.210,6	305,45K
13.03.2018	9.154,9	239,46K
12.03.2018	9.137,4	257,91K
11.03.2018	9.529,6	266,59K
10.03.2018	8.762,0	198,73K
09.03.2018	9.217,0	371,46K
08.03.2018	9.300,0	256,26K
07.03.2018	9.902,9	284,54K
06.03.2018	10.675,1	230,65K
05.03.2018	11.330,6	162,11K
04.03.2018	11.416,5	156,40K
03.03.2018	11.402,3	172,20K
02.03.2018	10.827,7	201,69K
01.03.2018	10.904,5	188,77K
28.02.2018	10.333,9	215,22K
27.02.2018	10.594,4	202,58K
26.02.2018	10.285,1	235,94K
25.02.2018	9.585,2	196,49K
24.02.2018	9.704,3	239,16K
23.02.2018	10.170,4	271,50K
22.02.2018	9.841,7	316,63K
21.02.2018	10.473,0	327,14K
20.02.2018	11.238,7	267,56K
19.02.2018	11.169,4	215,20K
18.02.2018	10.398,8	288,91K
17.02.2018	11.073,5	224,76K
16.02.2018	10.178,7	206,44K
15.02.2018	10.037,3	291,28K
14.02.2018	9.476,3	246,88K
13.02.2018	8.539,2	195,87K
12.02.2018	8.903,5	238,67K
11.02.2018	8.081,9	236,20K
10.02.2018	8.559,6	263,53K
09.02.2018	8.699,8	233,94K
08.02.2018	8.164,2	296,10K
07.02.2018	7.594,7	445,62K
06.02.2018	7.701,2	886,88K
05.02.2018	6.938,5	593,89K
04.02.2018	8.222,2	280,94K
03.02.2018	9.241,1	248,71K
02.02.2018	8.893,2	519,40K
01.02.2018	9.181,1	358,40K
31.01.2018	10.265,4	208,47K
30.01.2018	10.166,0	264,72K
29.01.2018	11.244,8	137,42K
28.01.2018	11.795,1	154,63K
27.01.2018	11.467,5	163,49K
26.01.2018	11.118,1	253,91K
25.01.2018	11.203,0	181,81K
24.01.2018	11.452,3	136,06K
23.01.2018	10.903,2	188,37K
22.01.2018	10.864,8	201,73K
21.01.2018	11.594,9	206,96K
20.01.2018	12.858,9	143,90K
19.01.2018	11.580,2	170,74K
18.01.2018	11.245,4	242,45K
17.01.2018	11.192,3	361,80K
16.01.2018	11.362,0	317,10K
15.01.2018	13.697,5	73,27K
14.01.2018	13.695,2	85,12K
13.01.2018	14.292,2	61,14K
12.01.2018	13.886,7	82,37K
11.01.2018	13.535,4	167,81K
10.01.2018	15.043,0	87,07K
09.01.2018	14.778,5	71,40K
08.01.2018	14.976,2	142,45K
07.01.2018	16.228,2	79,01K
06.01.2018	17.172,3	83,93K
05.01.2018	16.954,8	141,96K
04.01.2018	15.180,1	110,97K
03.01.2018	15.156,6	106,54K
02.01.2018	14.754,1	137,73K
01.01.2018	13.444,9	78,43K
31.12.2017	13.850,4	111,27K
30.12.2017	12.531,5	182,07K
29.12.2017	14.392,6	118,88K
28.12.2017	14.398,7	170,37K
27.12.2017	15.416,6	138,71K
26.12.2017	15.756,6	143,14K
25.12.2017	13.833,5	107,48K
24.12.2017	13.790,0	182,42K
23.12.2017	14.396,5	170,17K
22.12.2017	13.665,0	466,98K
21.12.2017	15.632,1	163,74K
20.12.2017	16.462,0	227,68K
19.12.2017	17.523,7	174,54K
18.12.2017	18.972,3	139,25K
17.12.2017	19.065,7	117,41K
16.12.2017	19.345,5	112,17K
15.12.2017	17.604,8	153,65K
14.12.2017	16.467,9	107,92K
13.12.2017	16.286,8	155,41K
12.12.2017	17.083,9	132,85K
11.12.2017	16.732,5	159,73K
10.12.2017	15.059,6	201,62K
09.12.2017	14.843,4	181,98K
08.12.2017	16.047,6	286,76K
07.12.2017	16.850,3	297,11K
06.12.2017	13.749,6	191,58K
05.12.2017	11.667,1	89,69K
04.12.2017	11.623,9	93,17K
03.12.2017	11.246,2	122,13K
02.12.2017	10.912,7	86,83K
01.12.2017	10.861,5	131,92K
30.11.2017	9.946,8	187,01K
29.11.2017	9.837,9	233,33K
28.11.2017	9.906,0	87,76K
27.11.2017	9.733,2	106,90K
26.11.2017	9.318,4	85,89K
25.11.2017	8.754,7	84,67K
24.11.2017	8.200,8	73,00K
23.11.2017	8.013,4	68,01K
22.11.2017	8.234,5	65,81K
21.11.2017	8.100,0	115,45K
20.11.2017	8.244,7	75,70K
19.11.2017	8.042,6	68,62K
18.11.2017	7.780,9	74,38K
17.11.2017	7.700,0	117,35K
16.11.2017	7.853,7	133,94K
15.11.2017	7.283,2	131,12K
14.11.2017	6.597,1	96,50K
13.11.2017	6.522,5	178,34K
12.11.2017	5.878,1	269,83K
11.11.2017	6.339,9	135,72K
10.11.2017	6.565,8	222,00K
09.11.2017	7.129,6	126,77K
08.11.2017	7.444,4	220,22K
07.11.2017	7.102,8	101,05K
06.11.2017	6.959,2	159,69K
05.11.2017	7.389,5	105,73K
04.11.2017	7.363,8	106,60K
03.11.2017	7.152,1	154,89K
02.11.2017	7.024,8	238,80K
01.11.2017	6.737,8	133,19K
31.10.2017	6.451,2	101,25K
30.10.2017	6.124,3	78,62K
29.10.2017	6.147,5	163,06K
28.10.2017	5.726,6	53,23K
27.10.2017	5.764,6	83,93K
26.10.2017	5.887,6	93,68K
25.10.2017	5.734,0	105,84K
24.10.2017	5.513,1	143,74K
23.10.2017	5.903,6	137,14K
22.10.2017	5.982,9	105,03K
21.10.2017	6.006,6	112,94K
20.10.2017	5.993,1	123,86K
19.10.2017	5.698,6	83,06K
18.10.2017	5.575,8	122,02K
17.10.2017	5.598,6	65,64K
16.10.2017	5.759,3	61,36K
15.10.2017	5.688,1	101,64K
14.10.2017	5.824,7	76,22K
13.10.2017	5.637,3	215,02K
12.10.2017	5.432,6	163,92K
11.10.2017	4.824,2	70,48K
10.10.2017	4.763,4	98,49K
09.10.2017	4.777,5	110,19K
08.10.2017	4.611,7	71,37K
07.10.2017	4.435,8	40,20K
06.10.2017	4.371,9	61,69K
05.10.2017	4.321,4	63,61K
04.10.2017	4.218,7	64,08K
03.10.2017	4.314,2	81,87K
02.10.2017	4.401,3	71,20K
01.10.2017	4.403,1	60,58K
30.09.2017	4.360,6	67,49K
29.09.2017	4.172,8	97,80K
28.09.2017	4.195,6	92,23K
27.09.2017	4.212,2	117,60K
26.09.2017	3.892,7	63,25K
25.09.2017	3.932,8	100,20K
24.09.2017	3.667,5	49,66K
23.09.2017	3.788,0	67,82K
22.09.2017	3.600,8	114,72K
21.09.2017	3.617,3	145,13K
20.09.2017	3.882,2	86,65K
19.09.2017	3.908,0	123,22K
18.09.2017	4.100,3	147,93K
17.09.2017	3.689,6	96,07K
16.09.2017	3.698,9	169,36K
15.09.2017	3.713,8	448,55K
14.09.2017	3.243,1	317,59K
13.09.2017	3.870,3	186,54K
12.09.2017	4.158,9	107,04K
11.09.2017	4.217,9	88,76K
10.09.2017	4.245,9	108,08K
09.09.2017	4.335,1	77,09K
08.09.2017	4.326,5	180,36K
07.09.2017	4.635,6	70,53K
06.09.2017	4.618,7	110,93K
05.09.2017	4.409,1	158,41K
04.09.2017	4.267,5	170,40K
03.09.2017	4.612,9	102,82K
02.09.2017	4.573,8	160,77K
01.09.2017	4.921,9	102,01K
31.08.2017	4.735,1	72,29K
30.08.2017	4.583,0	68,47K
29.08.2017	4.597,3	100,80K
28.08.2017	4.390,3	75,49K
27.08.2017	4.345,8	42,52K
26.08.2017	4.352,3	46,16K
25.08.2017	4.364,4	82,90K
24.08.2017	4.318,4	72,36K
23.08.2017	4.141,1	96,65K
22.08.2017	4.089,7	169,14K
21.08.2017	4.005,1	90,65K
20.08.2017	4.066,6	70,16K
19.08.2017	4.150,5	113,72K
18.08.2017	4.105,4	144,40K
17.08.2017	4.278,9	127,48K
16.08.2017	4.387,4	112,90K
15.08.2017	4.161,7	211,58K
14.08.2017	4.327,9	128,46K
13.08.2017	4.062,6	158,59K
12.08.2017	3.871,6	123,59K
11.08.2017	3.654,4	97,56K
10.08.2017	3.425,7	71,00K
09.08.2017	3.348,8	97,06K
08.08.2017	3.429,4	106,94K
07.08.2017	3.401,9	88,11K
06.08.2017	3.232,0	60,66K
05.08.2017	3.262,8	159,40K
04.08.2017	2.878,5	68,76K
03.08.2017	2.810,0	68,10K
02.08.2017	2.720,5	81,82K
01.08.2017	2.747,0	123,17K
31.07.2017	2.883,3	91,12K
30.07.2017	2.766,5	82,72K
29.07.2017	2.733,5	84,49K
28.07.2017	2.806,8	138,91K
27.07.2017	2.691,9	103,83K
26.07.2017	2.559,2	135,50K
25.07.2017	2.582,6	205,88K
24.07.2017	2.763,4	83,01K
23.07.2017	2.756,6	108,23K
22.07.2017	2.836,5	121,92K
21.07.2017	2.675,1	193,76K
20.07.2017	2.866,0	310,34K
19.07.2017	2.282,6	154,32K
18.07.2017	2.320,2	202,62K
17.07.2017	2.233,4	176,89K
16.07.2017	1.914,1	189,64K
15.07.2017	1.975,1	155,32K
14.07.2017	2.234,2	114,41K
13.07.2017	2.362,4	88,17K
12.07.2017	2.403,1	109,52K
11.07.2017	2.324,3	146,63K
10.07.2017	2.344,0	123,80K
09.07.2017	2.511,4	39,16K
08.07.2017	2.564,9	54,51K
07.07.2017	2.513,9	90,45K
06.07.2017	2.614,2	60,16K
05.07.2017	2.627,9	89,72K
04.07.2017	2.617,3	80,68K
03.07.2017	2.572,5	83,42K
02.07.2017	2.536,5	67,76K
01.07.2017	2.424,6	66,32K
30.06.2017	2.480,6	73,00K
29.06.2017	2.558,4	75,32K
28.06.2017	2.577,7	110,42K
27.06.2017	2.583,8	159,26K
26.06.2017	2.446,1	165,83K
25.06.2017	2.541,6	86,97K
24.06.2017	2.590,1	86,96K
23.06.2017	2.710,4	56,94K
22.06.2017	2.722,8	78,30K
21.06.2017	2.677,6	116,03K
20.06.2017	2.754,4	111,30K
19.06.2017	2.616,8	81,83K
18.06.2017	2.539,6	92,00K
17.06.2017	2.655,1	95,95K
16.06.2017	2.508,6	117,21K
15.06.2017	2.442,5	262,79K
14.06.2017	2.467,3	174,19K
13.06.2017	2.713,0	116,74K
12.06.2017	2.656,8	217,96K
11.06.2017	2.973,4	83,03K
10.06.2017	2.900,3	86,52K
09.06.2017	2.811,4	67,05K
08.06.2017	2.798,8	95,42K
07.06.2017	2.691,5	122,68K
06.06.2017	2.870,5	192,23K
05.06.2017	2.705,0	86,69K
04.06.2017	2.524,1	59,48K
03.06.2017	2.545,4	70,96K
02.06.2017	2.492,6	83,03K
01.06.2017	2.412,6	122,70K
31.05.2017	2.303,3	117,75K
30.05.2017	2.192,6	120,96K
29.05.2017	2.278,2	92,24K
28.05.2017	2.189,0	125,00K
27.05.2017	2.052,4	222,95K
26.05.2017	2.244,9	191,49K
25.05.2017	2.307,2	248,44K
24.05.2017	2.445,3	149,26K
23.05.2017	2.272,6	114,18K
22.05.2017	2.124,4	174,38K
21.05.2017	2.044,2	78,78K
20.05.2017	2.040,2	89,86K
19.05.2017	1.962,0	98,76K
18.05.2017	1.881,0	73,10K
17.05.2017	1.801,3	94,62K
16.05.2017	1.729,3	75,54K
15.05.2017	1.708,9	80,24K
14.05.2017	1.772,6	40,64K
13.05.2017	1.763,7	75,47K
12.05.2017	1.686,4	109,34K
11.05.2017	1.819,3	109,01K
10.05.2017	1.752,3	89,68K
09.05.2017	1.697,5	127,23K
08.05.2017	1.664,5	107,23K
07.05.2017	1.554,4	71,36K
06.05.2017	1.545,3	59,60K
05.05.2017	1.507,8	120,38K
04.05.2017	1.516,8	136,71K
03.05.2017	1.485,6	81,72K
02.05.2017	1.445,9	70,01K
01.05.2017	1.415,8	100,44K
30.04.2017	1.351,9	40,64K
29.04.2017	1.336,3	40,97K
28.04.2017	1.329,6	77,57K
27.04.2017	1.332,9	61,77K
26.04.2017	1.286,6	58,91K
25.04.2017	1.264,3	43,89K
24.04.2017	1.248,2	38,54K
23.04.2017	1.249,1	42,61K
22.04.2017	1.240,9	43,82K
21.04.2017	1.249,6	41,34K
20.04.2017	1.238,1	55,20K
19.04.2017	1.215,2	43,35K
18.04.2017	1.206,1	52,75K
17.04.2017	1.194,0	46,48K
16.04.2017	1.176,8	18,93K
15.04.2017	1.177,0	28,39K
14.04.2017	1.177,3	47,22K
13.04.2017	1.176,2	66,05K
12.04.2017	1.212,5	44,78K
11.04.2017	1.220,7	37,40K
10.04.2017	1.206,7	40,01K
09.04.2017	1.204,3	45,35K
08.04.2017	1.180,8	33,18K
07.04.2017	1.190,5	59,75K
06.04.2017	1.188,7	92,36K
05.04.2017	1.129,9	69,47K
04.04.2017	1.141,8	71,00K
03.04.2017	1.147,6	98,50K
02.04.2017	1.097,4	70,98K
01.04.2017	1.086,1	50,66K
31.03.2017	1.079,1	90,99K
30.03.2017	1.037,9	74,99K
29.03.2017	1.041,9	68,85K
28.03.2017	1.044,4	80,00K
27.03.2017	1.045,1	91,26K
26.03.2017	969,4	85,33K
25.03.2017	966,3	127,05K
24.03.2017	939,7	132,60K
23.03.2017	1.035,0	56,52K
22.03.2017	1.044,7	115,29K
21.03.2017	1.121,3	92,59K
20.03.2017	1.047,5	61,43K
19.03.2017	1.022,6	106,45K
18.03.2017	971,4	210,42K
17.03.2017	1.071,7	163,74K
16.03.2017	1.172,9	132,77K
15.03.2017	1.253,4	43,59K
14.03.2017	1.243,1	45,14K
13.03.2017	1.238,2	60,46K
12.03.2017	1.225,1	44,41K
11.03.2017	1.179,2	70,75K
10.03.2017	1.112,4	190,47K
09.03.2017	1.191,3	59,86K
08.03.2017	1.147,0	97,88K
07.03.2017	1.232,7	87,72K
06.03.2017	1.277,0	31,03K
05.03.2017	1.271,2	25,43K
04.03.2017	1.264,3	38,42K
03.03.2017	1.283,3	67,28K
02.03.2017	1.255,5	78,49K
01.03.2017	1.222,7	51,15K
28.02.2017	1.189,3	50,58K
27.02.2017	1.188,8	35,47K
26.02.2017	1.171,6	30,77K
25.02.2017	1.149,1	45,86K
24.02.2017	1.176,5	108,17K
23.02.2017	1.171,9	65,74K
22.02.2017	1.120,5	47,91K
21.02.2017	1.119,0	57,05K
20.02.2017	1.077,6	31,01K
19.02.2017	1.048,9	17,95K
18.02.2017	1.052,3	25,36K
17.02.2017	1.049,4	45,71K
16.02.2017	1.031,9	38,08K
15.02.2017	1.008,2	23,36K
14.02.2017	1.008,3	39,54K
13.02.2017	995,4	32,91K
12.02.2017	996,5	14,75K
11.02.2017	1.008,3	28,32K
10.02.2017	997,6	62,13K
09.02.2017	979,0	146,75K
08.02.2017	1.055,5	65,15K
07.02.2017	1.049,6	39,55K
06.02.2017	1.024,7	32,02K
05.02.2017	1.016,1	31,06K
04.02.2017	1.031,8	39,46K
03.02.2017	1.013,0	61,67K
02.02.2017	1.004,0	50,86K
01.02.2017	982,4	45,22K
31.01.2017	965,5	54,67K
30.01.2017	920,7	19,06K
29.01.2017	914,5	11,05K
28.01.2017	918,5	14,31K
27.01.2017	918,0	30,97K
26.01.2017	915,6	33,80K
25.01.2017	894,4	37,90K
24.01.2017	893,8	58,87K
23.01.2017	921,5	32,74K
22.01.2017	918,8	47,93K
21.01.2017	919,8	40,38K
20.01.2017	892,9	38,87K
19.01.2017	895,2	58,44K
18.01.2017	872,0	69,26K
17.01.2017	899,7	82,21K
16.01.2017	827,3	33,22K
15.01.2017	821,2	24,40K
14.01.2017	819,6	44,21K
13.01.2017	824,8	89,86K
12.01.2017	810,1	120,24K
11.01.2017	785,4	194,44K
10.01.2017	904,4	53,71K
09.01.2017	899,8	62,58K
08.01.2017	900,9	76,91K
07.01.2017	888,9	130,66K
06.01.2017	886,2	194,29K
05.01.2017	989,3	240,01K
04.01.2017	1.135,4	156,27K
03.01.2017	1.033,3	54,79K
02.01.2017	1.017,0	64,95K
01.01.2017	995,4	41,15K
31.12.2016	963,4	27,56K
30.12.2016	959,0	70,84K
29.12.2016	971,1	61,13K
28.12.2016	972,2	77,29K
27.12.2016	925,8	49,69K
26.12.2016	898,4	38,79K
25.12.2016	891,1	42,48K
24.12.2016	891,1	46,03K
23.12.2016	917,2	102,22K
22.12.2016	860,2	70,56K
21.12.2016	829,2	65,29K
20.12.2016	799,1	34,48K
19.12.2016	789,8	25,46K
18.12.2016	789,0	14,53K
17.12.2016	787,2	23,58K
16.12.2016	782,0	27,61K
15.12.2016	775,2	26,22K
14.12.2016	776,5	24,78K
13.12.2016	778,7	33,11K
12.12.2016	778,5	28,76K
11.12.2016	767,9	17,14K
10.12.2016	774,0	18,02K
09.12.2016	770,5	24,18K
08.12.2016	768,5	28,78K
07.12.2016	765,6	34,87K
06.12.2016	758,2	33,43K
05.12.2016	754,3	51,17K
04.12.2016	766,4	19,16K
03.12.2016	764,2	38,45K
02.12.2016	770,9	63,22K
01.12.2016	752,6	54,03K
30.11.2016	742,5	39,28K
29.11.2016	732,6	32,57K
28.11.2016	733,3	34,12K
27.11.2016	729,4	21,35K
26.11.2016	734,1	22,58K
25.11.2016	740,4	28,85K
24.11.2016	735,3	37,24K
23.11.2016	741,1	37,87K
22.11.2016	749,3	44,44K
21.11.2016	736,2	32,51K
20.11.2016	728,5	47,42K
19.11.2016	747,9	25,63K
18.11.2016	747,0	39,71K
17.11.2016	737,5	62,77K
16.11.2016	740,3	79,57K
15.11.2016	711,1	41,40K
14.11.2016	704,6	37,75K
13.11.2016	702,0	36,14K
12.11.2016	704,3	27,60K
11.11.2016	715,0	25,58K
10.11.2016	714,6	33,33K
09.11.2016	721,4	70,70K
08.11.2016	710,9	39,73K
07.11.2016	705,4	30,74K
06.11.2016	709,9	25,81K
05.11.2016	702,1	22,02K
04.11.2016	702,1	48,24K
03.11.2016	684,9	96,41K
02.11.2016	733,5	39,04K
01.11.2016	726,8	68,07K
31.10.2016	698,7	38,05K
30.10.2016	697,3	39,33K
29.10.2016	715,0	54,03K
28.10.2016	686,2	38,97K
27.10.2016	682,3	46,56K
26.10.2016	674,7	47,67K
25.10.2016	651,0	36,74K
24.10.2016	650,5	33,24K
23.10.2016	653,0	21,91K
22.10.2016	655,5	37,10K
21.10.2016	630,5	28,09K
20.10.2016	628,3	20,94K
19.10.2016	629,1	35,29K
18.10.2016	635,3	24,60K
17.10.2016	637,4	27,69K
16.10.2016	640,1	12,89K
15.10.2016	637,0	12,38K
14.10.2016	637,9	31,42K
13.10.2016	635,6	25,62K
12.10.2016	636,0	26,95K
11.10.2016	640,5	55,77K
10.10.2016	617,3	25,23K
09.10.2016	615,8	13,43K
08.10.2016	617,7	13,62K
07.10.2016	616,0	32,73K
06.10.2016	611,0	21,63K
05.10.2016	611,8	23,40K
04.10.2016	609,0	24,99K
03.10.2016	611,6	21,95K
02.10.2016	610,7	16,54K
01.10.2016	613,4	16,93K
30.09.2016	608,1	23,95K
29.09.2016	604,7	25,32K
28.09.2016	604,7	18,94K
27.09.2016	605,5	25,55K
26.09.2016	606,5	27,51K
25.09.2016	601,5	13,28K
24.09.2016	602,6	13,47K
23.09.2016	602,9	25,92K
22.09.2016	595,6	22,44K
21.09.2016	597,2	36,86K
20.09.2016	609,2	22,61K
19.09.2016	609,8	21,24K
18.09.2016	610,7	16,33K
17.09.2016	607,1	15,89K
16.09.2016	607,8	21,85K
15.09.2016	608,1	22,69K
14.09.2016	609,5	24,24K
13.09.2016	608,6	27,52K
12.09.2016	608,0	27,95K
11.09.2016	605,6	36,54K
10.09.2016	624,5	15,28K
09.09.2016	623,2	28,33K
08.09.2016	625,6	36,33K
07.09.2016	613,2	30,03K
06.09.2016	610,4	24,33K
05.09.2016	605,8	25,29K
04.09.2016	609,5	30,69K
03.09.2016	598,8	35,70K
02.09.2016	575,3	26,61K
01.09.2016	572,0	25,87K
31.08.2016	573,9	24,93K
30.08.2016	577,3	27,48K
29.08.2016	574,2	23,86K
28.08.2016	575,0	12,83K
27.08.2016	570,3	18,69K
26.08.2016	579,4	21,17K
25.08.2016	578,0	32,73K
24.08.2016	579,7	28,06K
23.08.2016	583,6	32,08K
22.08.2016	587,5	33,56K
21.08.2016	580,7	14,16K
20.08.2016	582,6	23,12K
19.08.2016	574,6	25,53K
18.08.2016	573,4	30,39K
17.08.2016	572,3	32,76K
16.08.2016	580,2	37,69K
15.08.2016	567,0	33,77K
14.08.2016	569,1	33,07K
13.08.2016	584,6	19,30K
12.08.2016	587,1	25,50K
11.08.2016	587,8	39,83K
10.08.2016	590,9	49,57K
09.08.2016	585,3	25,97K
08.08.2016	589,2	24,88K
07.08.2016	590,8	26,20K
06.08.2016	586,5	25,38K
05.08.2016	574,7	27,89K
04.08.2016	576,2	44,82K
03.08.2016	566,4	85,93K
02.08.2016	513,4	130,91K
01.08.2016	607,0	66,66K
31.07.2016	621,9	62,89K
30.07.2016	654,7	19,35K
29.07.2016	655,4	27,04K
28.07.2016	654,1	28,11K
27.07.2016	654,5	29,89K
26.07.2016	654,4	49,39K
25.07.2016	654,0	34,38K
24.07.2016	659,3	29,82K
23.07.2016	655,2	29,89K
22.07.2016	651,1	65,90K
21.07.2016	664,6	32,17K
20.07.2016	664,4	37,56K
19.07.2016	671,1	30,40K
18.07.2016	670,4	42,58K
17.07.2016	676,3	46,84K
16.07.2016	660,7	20,39K
15.07.2016	664,2	35,83K
14.07.2016	657,3	48,20K
13.07.2016	661,2	62,96K
12.07.2016	670,6	66,59K
11.07.2016	646,7	45,94K
10.07.2016	647,1	29,26K
09.07.2016	651,8	96,01K
08.07.2016	662,8	75,89K
07.07.2016	635,3	153,61K
06.07.2016	672,7	47,05K
05.07.2016	663,7	54,64K
04.07.2016	675,2	63,91K
03.07.2016	661,6	99,27K
02.07.2016	698,1	67,38K
01.07.2016	674,6	92,23K
30.06.2016	670,0	88,20K
29.06.2016	636,5	80,22K
28.06.2016	644,9	76,66K
27.06.2016	644,7	99,81K
26.06.2016	625,4	88,93K
25.06.2016	663,5	100,46K
24.06.2016	656,9	196,69K
23.06.2016	620,8	261,74K
22.06.2016	590,6	202,32K
21.06.2016	667,4	248,08K
20.06.2016	734,0	112,29K
19.06.2016	761,0	60,45K
18.06.2016	753,8	120,53K
17.06.2016	743,9	215,87K
16.06.2016	761,2	229,57K
15.06.2016	690,8	78,62K
14.06.2016	685,1	135,65K
13.06.2016	700,1	216,73K
12.06.2016	666,5	217,38K
11.06.2016	591,6	42,22K
10.06.2016	577,9	45,50K
09.06.2016	574,7	48,61K
08.06.2016	580,5	49,60K
07.06.2016	575,6	84,69K
06.06.2016	583,6	63,68K
05.06.2016	574,9	64,52K
04.06.2016	572,0	87,41K
03.06.2016	567,0	106,25K
02.06.2016	537,1	52,88K
01.06.2016	537,4	72,41K
31.05.2016	528,9	114,08K
30.05.2016	532,3	77,53K
29.05.2016	516,0	152,57K
28.05.2016	524,2	150,17K
27.05.2016	474,0	135,68K
26.05.2016	453,3	37,72K
25.05.2016	449,8	37,72K
24.05.2016	446,1	33,22K
23.05.2016	443,7	35,90K
22.05.2016	439,6	28,74K
21.05.2016	443,6	23,00K
20.05.2016	442,1	48,43K
19.05.2016	442,7	59,39K
18.05.2016	454,2	32,61K
17.05.2016	453,3	34,63K
16.05.2016	454,9	36,60K
15.05.2016	458,1	21,20K
14.05.2016	456,4	20,36K
13.05.2016	455,4	32,39K
12.05.2016	454,4	49,19K
11.05.2016	452,5	39,97K
10.05.2016	449,4	59,99K
09.05.2016	460,4	48,42K
08.05.2016	457,9	27,60K
07.05.2016	458,5	30,97K
06.05.2016	459,6	68,43K
05.05.2016	448,1	41,89K
04.05.2016	445,8	39,44K
03.05.2016	450,3	49,75K
02.05.2016	444,2	73,85K
01.05.2016	452,2	21,75K
30.04.2016	448,5	35,31K
29.04.2016	455,0	44,85K
28.04.2016	448,5	81,94K
27.04.2016	447,0	90,81K
26.04.2016	466,0	67,56K
25.04.2016	461,7	81,66K
24.04.2016	457,6	74,43K
23.04.2016	450,1	42,36K
22.04.2016	445,3	49,71K
21.04.2016	449,3	63,13K
20.04.2016	441,2	74,36K
19.04.2016	434,9	45,68K
18.04.2016	427,7	32,58K
17.04.2016	426,3	25,59K
16.04.2016	430,0	29,02K
15.04.2016	428,7	54,12K
14.04.2016	424,0	30,66K
13.04.2016	423,5	38,09K
12.04.2016	424,7	57,71K
11.04.2016	421,4	36,39K
10.04.2016	420,3	23,30K
09.04.2016	418,0	29,43K
08.04.2016	417,7	46,95K
07.04.2016	420,1	36,06K
06.04.2016	421,3	32,67K
05.04.2016	422,1	40,89K
04.04.2016	419,3	33,44K
03.04.2016	419,1	22,80K
02.04.2016	418,5	31,31K
01.04.2016	415,6	38,22K
31.03.2016	415,7	41,84K
30.03.2016	412,4	43,28K
29.03.2016	415,0	69,11K
28.03.2016	422,2	43,45K
27.03.2016	424,6	61,72K
26.03.2016	416,5	28,06K
25.03.2016	415,7	34,59K
24.03.2016	414,7	38,83K
23.03.2016	417,0	40,61K
22.03.2016	416,2	49,08K
21.03.2016	411,1	43,16K
20.03.2016	411,5	30,54K
19.03.2016	408,7	37,00K
18.03.2016	408,2	66,07K
17.03.2016	418,2	43,82K
16.03.2016	415,9	44,54K
15.03.2016	415,1	48,60K
14.03.2016	414,3	49,33K
13.03.2016	412,4	34,98K
12.03.2016	410,4	59,64K
11.03.2016	419,1	60,63K
10.03.2016	415,8	55,74K
09.03.2016	412,8	50,92K
08.03.2016	411,9	53,77K
07.03.2016	414,9	61,77K
06.03.2016	406,0	62,59K
05.03.2016	399,0	129,15K
04.03.2016	409,5	75,27K
03.03.2016	419,6	78,90K
02.03.2016	425,4	57,75K
01.03.2016	434,0	67,46K
29.02.2016	436,2	68,77K
28.02.2016	432,5	50,85K
27.02.2016	431,3	42,79K
26.02.2016	427,3	53,21K
25.02.2016	423,5	53,54K
24.02.2016	422,7	66,51K
23.02.2016	419,9	93,72K
22.02.2016	437,8	56,01K
21.02.2016	437,9	100,50K
20.02.2016	440,1	111,63K
19.02.2016	420,0	52,24K
18.02.2016	421,4	77,35K
17.02.2016	417,1	90,32K
16.02.2016	406,4	68,33K
15.02.2016	401,1	86,13K
14.02.2016	405,5	73,59K
13.02.2016	390,1	48,16K
12.02.2016	384,0	53,76K
11.02.2016	379,5	62,65K
10.02.2016	381,9	97,49K
09.02.2016	375,3	55,36K
08.02.2016	372,6	62,24K
07.02.2016	377,9	40,74K
06.02.2016	376,7	78,85K
05.02.2016	386,5	60,92K
04.02.2016	390,6	101,87K
03.02.2016	368,0	59,81K
02.02.2016	373,9	50,98K
01.02.2016	372,2	74,35K
31.01.2016	369,8	39,02K
30.01.2016	377,8	36,18K
29.01.2016	380,3	138,46K
28.01.2016	379,7	77,32K
27.01.2016	395,0	43,68K
26.01.2016	389,8	56,81K
25.01.2016	392,8	67,66K
24.01.2016	402,1	64,54K
23.01.2016	388,6	61,38K
22.01.2016	382,6	144,86K
21.01.2016	410,2	89,94K
20.01.2016	414,6	190,32K
19.01.2016	379,5	66,35K
18.01.2016	384,4	69,30K
17.01.2016	382,5	66,09K
16.01.2016	385,0	183,96K
15.01.2016	372,3	268,14K
14.01.2016	429,1	46,17K
13.01.2016	432,2	92,04K
12.01.2016	445,0	44,59K
11.01.2016	447,7	56,59K
10.01.2016	446,2	44,46K
09.01.2016	448,3	39,81K
08.01.2016	452,9	91,31K
07.01.2016	457,0	130,20K
06.01.2016	430,8	43,43K
05.01.2016	431,2	45,03K
04.01.2016	433,3	53,01K
03.01.2016	430,7	54,83K
02.01.2016	433,7	33,57K
01.01.2016	434,0	46,97K
31.12.2015	430,0	65,21K
30.12.2015	427,1	68,27K
29.12.2015	431,9	70,65K
28.12.2015	421,8	68,35K
27.12.2015	422,4	67,58K
26.12.2015	415,4	208,58K
25.12.2015	454,0	42,39K
24.12.2015	453,0	79,60K
23.12.2015	442,4	63,25K
22.12.2015	437,0	65,79K
21.12.2015	437,6	121,99K
20.12.2015	441,8	121,53K
19.12.2015	461,2	61,31K
18.12.2015	463,2	83,41K
17.12.2015	455,5	64,58K
16.12.2015	454,0	185,22K
15.12.2015	462,6	107,06K
14.12.2015	442,0	218,92K
13.12.2015	434,7	64,14K
12.12.2015	432,3	211,44K
11.12.2015	449,8	175,06K
10.12.2015	415,5	71,66K
09.12.2015	416,0	147,36K
08.12.2015	410,7	74,36K
07.12.2015	394,3	96,75K
06.12.2015	393,4	131,86K
05.12.2015	386,7	115,20K
04.12.2015	361,7	60,55K
03.12.2015	360,3	87,23K
02.12.2015	360,0	92,45K
01.12.2015	361,8	111,91K
30.11.2015	378,0	129,77K
29.11.2015	370,8	67,37K
28.11.2015	355,8	56,17K
27.11.2015	359,5	103,48K
26.11.2015	353,7	211,38K
25.11.2015	327,5	77,68K
24.11.2015	318,4	50,66K
23.11.2015	322,1	42,73K
22.11.2015	322,8	36,75K
21.11.2015	324,7	45,00K
20.11.2015	321,1	109,99K
19.11.2015	325,0	86,38K
18.11.2015	335,9	78,36K
17.11.2015	333,9	98,25K
16.11.2015	330,2	87,14K
15.11.2015	317,5	88,32K
14.11.2015	331,8	71,11K
13.11.2015	333,8	97,25K
12.11.2015	333,9	164,61K
11.11.2015	304,7	263,96K
10.11.2015	336,7	210,29K
09.11.2015	380,2	125,54K
08.11.2015	371,6	94,36K
07.11.2015	385,1	103,03K
06.11.2015	369,8	255,28K
05.11.2015	382,7	302,95K
04.11.2015	400,9	517,73K
03.11.2015	396,5	421,99K
02.11.2015	359,3	223,10K
01.11.2015	323,0	73,71K
31.10.2015	311,2	105,83K
30.10.2015	327,1	156,49K
29.10.2015	313,6	138,92K
28.10.2015	303,5	116,41K
27.10.2015	294,7	105,87K
26.10.2015	285,1	73,21K
25.10.2015	287,9	113,90K
24.10.2015	282,6	60,13K
23.10.2015	276,9	69,32K
22.10.2015	274,4	93,15K
21.10.2015	267,1	59,64K
20.10.2015	269,8	75,40K
19.10.2015	263,8	58,17K
18.10.2015	261,7	52,27K
17.10.2015	269,6	113,84K
16.10.2015	262,9	95,18K
15.10.2015	254,4	60,64K
14.10.2015	252,3	69,58K
13.10.2015	248,8	74,88K
12.10.2015	245,4	40,39K
11.10.2015	247,6	41,43K
10.10.2015	245,4	38,96K
09.10.2015	244,0	40,57K
08.10.2015	242,6	44,15K
07.10.2015	243,0	62,60K
06.10.2015	246,1	78,84K
05.10.2015	240,1	61,24K
04.10.2015	238,3	31,85K
03.10.2015	238,6	43,31K
02.10.2015	236,7	47,94K
01.10.2015	237,1	52,88K
30.09.2015	235,9	50,52K
29.09.2015	236,7	57,30K
28.09.2015	238,9	64,28K
27.09.2015	232,5	36,14K
26.09.2015	234,3	40,29K
25.09.2015	235,0	61,58K
24.09.2015	233,8	72,12K
23.09.2015	229,9	43,60K
22.09.2015	230,0	71,55K
21.09.2015	226,3	53,43K
20.09.2015	231,1	33,15K
19.09.2015	231,1	34,47K
18.09.2015	232,2	53,17K
17.09.2015	232,7	56,06K
16.09.2015	228,6	51,91K
15.09.2015	229,5	49,52K
14.09.2015	229,9	61,10K
13.09.2015	230,2	51,60K
12.09.2015	235,6	43,77K
11.09.2015	239,9	45,77K
10.09.2015	238,1	60,54K
09.09.2015	237,4	69,26K
08.09.2015	243,2	76,35K
07.09.2015	239,6	57,19K
06.09.2015	239,9	66,27K
05.09.2015	233,7	48,28K
04.09.2015	230,3	61,76K
03.09.2015	226,2	54,15K
02.09.2015	228,6	58,77K
01.09.2015	227,2	66,54K
31.08.2015	229,5	54,51K
30.08.2015	228,4	39,81K
29.08.2015	228,5	43,74K
28.08.2015	231,6	90,66K
27.08.2015	222,7	60,25K
26.08.2015	225,0	92,81K
25.08.2015	220,5	190,79K
24.08.2015	211,4	196,70K
23.08.2015	226,8	48,84K
22.08.2015	229,5	74,21K
21.08.2015	232,4	57,65K
20.08.2015	234,7	90,98K
19.08.2015	226,0	245,82K
18.08.2015	246,7	94,50K
17.08.2015	257,1	47,88K
16.08.2015	257,1	69,04K
15.08.2015	260,5	38,91K
14.08.2015	265,0	52,33K
13.08.2015	263,4	56,49K
12.08.2015	267,7	56,73K
11.08.2015	269,0	51,36K
10.08.2015	263,3	48,57K
09.08.2015	263,9	57,48K
08.08.2015	258,6	82,54K
07.08.2015	277,9	42,81K
06.08.2015	278,0	33,26K
05.08.2015	281,7	38,29K
04.08.2015	284,3	44,84K
03.08.2015	281,6	45,89K
02.08.2015	281,4	35,67K
01.08.2015	280,5	39,43K
31.07.2015	283,7	49,21K
30.07.2015	287,0	44,79K
29.07.2015	288,4	50,67K
28.07.2015	293,7	49,07K
27.07.2015	293,0	69,71K
26.07.2015	291,8	30,99K
25.07.2015	288,7	41,65K
24.07.2015	288,4	74,36K
23.07.2015	275,5	35,66K
22.07.2015	276,5	41,97K
21.07.2015	275,1	49,05K
20.07.2015	277,7	46,60K
19.07.2015	273,2	30,20K
18.07.2015	274,0	55,34K
17.07.2015	279,6	62,12K
16.07.2015	276,6	121,32K
15.07.2015	283,4	59,58K
14.07.2015	287,0	60,62K
13.07.2015	290,4	146,85K
12.07.2015	310,4	120,70K
11.07.2015	292,0	46,49K
10.07.2015	283,6	117,17K
09.07.2015	269,1	48,39K
08.07.2015	268,6	45,29K
07.07.2015	266,2	41,61K
06.07.2015	269,1	90,58K
05.07.2015	270,1	48,45K
04.07.2015	260,5	32,95K
03.07.2015	255,4	36,58K
02.07.2015	254,9	45,01K
01.07.2015	257,6	66,94K
30.06.2015	264,1	116,53K
29.06.2015	257,0	92,64K
28.06.2015	248,9	39,89K
27.06.2015	250,7	54,70K
26.06.2015	242,9	37,62K
25.06.2015	242,6	40,36K
24.06.2015	240,6	47,11K
23.06.2015	243,8	38,43K
22.06.2015	247,5	47,59K
21.06.2015	244,1	25,15K
20.06.2015	245,0	51,28K
19.06.2015	244,1	84,70K
18.06.2015	248,4	78,14K
17.06.2015	247,4	121,62K
16.06.2015	249,8	122,47K
15.06.2015	237,0	63,47K
14.06.2015	233,8	32,90K
13.06.2015	232,5	38,01K
12.06.2015	230,5	40,75K
11.06.2015	229,9	38,00K
10.06.2015	228,8	41,64K
09.06.2015	229,6	54,84K
08.06.2015	228,6	74,15K
07.06.2015	223,5	40,48K
06.06.2015	224,7	22,47K
05.06.2015	225,3	56,46K
04.06.2015	224,2	44,06K
03.06.2015	225,6	54,35K
02.06.2015	225,7	60,81K
01.06.2015	223,1	87,06K
31.05.2015	229,8	39,00K
30.05.2015	233,2	41,63K
29.05.2015	237,0	38,92K
28.05.2015	237,3	35,75K
27.05.2015	237,3	48,03K
26.05.2015	237,8	37,08K
25.05.2015	237,4	26,39K
24.05.2015	241,0	30,26K
23.05.2015	238,9	36,03K
22.05.2015	240,4	74,11K
21.05.2015	235,4	42,94K
20.05.2015	234,0	49,69K
19.05.2015	232,0	40,94K
18.05.2015	232,6	53,14K
17.05.2015	236,3	28,43K
16.05.2015	236,2	27,05K
15.05.2015	237,2	46,03K
14.05.2015	236,9	71,02K
13.05.2015	236,4	84,43K
12.05.2015	241,6	40,08K
11.05.2015	241,8	57,17K
10.05.2015	240,0	44,00K
09.05.2015	241,4	62,79K
08.05.2015	243,7	87,50K
07.05.2015	237,7	91,05K
06.05.2015	230,0	103,66K
05.05.2015	235,8	77,87K
04.05.2015	239,0	69,12K
03.05.2015	240,0	55,72K
02.05.2015	235,3	37,08K
01.05.2015	233,2	60,14K
30.04.2015	235,8	112,24K
29.04.2015	225,4	60,89K
28.04.2015	225,8	65,97K
27.04.2015	229,0	123,41K
26.04.2015	218,7	100,77K
25.04.2015	226,1	43,78K
24.04.2015	231,1	69,78K
23.04.2015	235,4	42,45K
22.04.2015	233,8	77,56K
21.04.2015	233,7	68,35K
20.04.2015	224,2	44,87K
19.04.2015	223,0	35,50K
18.04.2015	223,4	36,54K
17.04.2015	222,6	66,92K
16.04.2015	228,0	84,89K
15.04.2015	223,0	77,23K
14.04.2015	218,0	115,19K
13.04.2015	223,6	105,15K
12.04.2015	235,9	33,03K
11.04.2015	236,5	51,99K
10.04.2015	234,7	100,20K
09.04.2015	243,3	69,19K
08.04.2015	244,6	102,65K
07.04.2015	253,0	44,79K
06.04.2015	255,0	45,93K
05.04.2015	259,6	43,83K
04.04.2015	252,9	30,72K
03.04.2015	254,5	71,74K
02.04.2015	252,6	81,37K
01.04.2015	246,2	67,08K
31.03.2015	244,1	75,33K
30.03.2015	246,8	85,33K
29.03.2015	242,1	77,54K
28.03.2015	252,0	55,06K
27.03.2015	247,2	62,56K
26.03.2015	248,0	89,47K
25.03.2015	246,4	131,44K
24.03.2015	246,7	151,09K
23.03.2015	265,5	81,45K
22.03.2015	268,6	56,63K
21.03.2015	259,7	51,65K
20.03.2015	261,8	52,83K
19.03.2015	260,9	180,69K
18.03.2015	255,9	206,74K
17.03.2015	285,4	65,01K
16.03.2015	290,4	66,34K
15.03.2015	284,9	39,46K
14.03.2015	281,6	75,72K
13.03.2015	287,2	97,34K
12.03.2015	293,9	107,32K
11.03.2015	295,6	79,98K
10.03.2015	291,4	158,18K
09.03.2015	290,0	151,77K
08.03.2015	274,5	50,40K
07.03.2015	274,9	60,72K
06.03.2015	272,6	98,80K
05.03.2015	275,2	123,64K
04.03.2015	271,9	139,00K
03.03.2015	280,6	164,82K
02.03.2015	273,8	81,09K
01.03.2015	257,9	51,33K
28.02.2015	254,1	39,41K
27.02.2015	253,5	167,81K
26.02.2015	236,5	50,87K
25.02.2015	237,3	38,10K
24.02.2015	238,9	45,03K
23.02.2015	238,8	62,67K
22.02.2015	235,7	75,70K
21.02.2015	244,4	42,95K
20.02.2015	244,5	83,59K
19.02.2015	241,9	66,05K
18.02.2015	235,2	99,66K
17.02.2015	243,2	116,26K
16.02.2015	235,8	115,47K
15.02.2015	233,3	179,14K
14.02.2015	258,6	133,80K
13.02.2015	236,2	112,25K
12.02.2015	221,8	50,11K
11.02.2015	218,8	71,73K
10.02.2015	219,7	86,15K
09.02.2015	220,3	91,69K
08.02.2015	223,7	29,05K
07.02.2015	227,7	39,76K
06.02.2015	223,0	52,52K
05.02.2015	216,5	40,64K
04.02.2015	226,6	55,24K
03.02.2015	227,4	63,08K
02.02.2015	238,9	39,02K
01.02.2015	225,3	41,16K
31.01.2015	218,5	42,15K
30.01.2015	231,8	48,23K
29.01.2015	234,0	54,49K
28.01.2015	236,2	63,77K
27.01.2015	263,3	50,26K
26.01.2015	269,2	105,71K
25.01.2015	252,1	50,19K
24.01.2015	248,2	33,24K
23.01.2015	232,2	38,17K
22.01.2015	232,7	53,71K
21.01.2015	228,2	43,18K
20.01.2015	210,6	37,48K
19.01.2015	215,9	31,58K
18.01.2015	210,6	40,37K
17.01.2015	199,6	43,13K
16.01.2015	206,9	62,32K
15.01.2015	209,8	124,67K
14.01.2015	164,9	170,68K
13.01.2015	221,3	95,50K
12.01.2015	269,3	25,39K
11.01.2015	264,8	15,11K
10.01.2015	273,4	14,73K
09.01.2015	288,0	20,93K
08.01.2015	282,7	20,18K
07.01.2015	291,3	30,67K
06.01.2015	282,3	21,94K
05.01.2015	274,8	54,99K
04.01.2015	264,7	88,77K
03.01.2015	287,1	47,37K
02.01.2015	315,2	14,73K
01.01.2015	314,9	12,82K
31.12.2014	318,2	20,50K
30.12.2014	311,3	22,78K
29.12.2014	314,1	20,36K
28.12.2014	316,5	20,41K
27.12.2014	315,3	21,63K
26.12.2014	330,0	23,01K
25.12.2014	319,0	15,39K
24.12.2014	322,4	21,52K
23.12.2014	335,3	24,07K
22.12.2014	330,8	35,36K
21.12.2014	322,6	20,67K
20.12.2014	330,4	29,92K
19.12.2014	317,8	41,71K
18.12.2014	310,3	60,52K
17.12.2014	320,0	61,34K
16.12.2014	330,2	38,59K
15.12.2014	345,4	22,16K
14.12.2014	349,4	12,34K
13.12.2014	348,2	19,54K
12.12.2014	353,4	26,85K
11.12.2014	347,7	51,08K
10.12.2014	347,9	27,13K
09.12.2014	352,2	43,83K
08.12.2014	365,0	22,92K
07.12.2014	376,5	8,81K
06.12.2014	376,3	11,07K
05.12.2014	377,6	29,99K
04.12.2014	369,8	25,33K
03.12.2014	377,0	23,51K
02.12.2014	380,6	25,29K
01.12.2014	378,6	19,67K
30.11.2014	374,9	11,29K
29.11.2014	376,3	83,45K
28.11.2014	377,6	43,02K
27.11.2014	368,8	13,85K
26.11.2014	365,4	23,98K
25.11.2014	376,4	45,32K
24.11.2014	378,9	24,57K
23.11.2014	365,9	12,41K
22.11.2014	352,0	12,94K
21.11.2014	351,8	23,47K
20.11.2014	357,3	21,98K
19.11.2014	381,4	19,87K
18.11.2014	379,2	27,09K
17.11.2014	384,7	27,60K
16.11.2014	385,6	14,35K
15.11.2014	374,9	13,33K
14.11.2014	396,5	35,73K
13.11.2014	428,7	58,20K
12.11.2014	432,0	38,53K
11.11.2014	365,4	15,79K
10.11.2014	367,1	22,81K
09.11.2014	362,0	12,63K
08.11.2014	343,5	8,19K
07.11.2014	341,9	15,02K
06.11.2014	347,7	15,65K
05.11.2014	338,0	15,84K
04.11.2014	328,0	15,12K
03.11.2014	324,2	13,43K
02.11.2014	322,5	11,90K
01.11.2014	325,4	13,77K
31.10.2014	337,9	14,00K
30.10.2014	344,9	16,12K
29.10.2014	335,1	12,26K
28.10.2014	351,1	9,43K
27.10.2014	350,1	10,60K
26.10.2014	348,7	11,58K
25.10.2014	346,7	14,04K
24.10.2014	355,1	20,03K
23.10.2014	355,8	19,12K
22.10.2014	378,9	10,53K
21.10.2014	382,4	9,66K
20.10.2014	380,4	10,56K
19.10.2014	387,3	5,33K
18.10.2014	390,9	9,45K
17.10.2014	380,5	16,57K
16.10.2014	379,8	20,79K
15.10.2014	393,2	22,49K
14.10.2014	397,1	28,87K
13.10.2014	387,3	23,58K
12.10.2014	373,2	11,23K
11.10.2014	361,2	13,93K
10.10.2014	361,7	28,41K
09.10.2014	360,9	35,59K
08.10.2014	350,9	21,77K
07.10.2014	331,6	30,17K
06.10.2014	331,5	41,17K
05.10.2014	322,9	29,85K
04.10.2014	335,3	23,04K
03.10.2014	363,5	16,81K
02.10.2014	375,1	14,30K
01.10.2014	382,8	17,73K
30.09.2014	388,2	16,92K
29.09.2014	376,8	20,69K
28.09.2014	379,1	13,94K
27.09.2014	399,0	9,74K
26.09.2014	404,5	12,12K
25.09.2014	412,3	14,63K
24.09.2014	423,8	21,37K
23.09.2014	436,9	17,94K
22.09.2014	404,1	13,52K
21.09.2014	401,6	10,42K
20.09.2014	411,5	14,29K
19.09.2014	397,7	14,97K
18.09.2014	424,3	8,93K
17.09.2014	461,1	7,51K
16.09.2014	466,8	6,52K
15.09.2014	477,7	5,63K
14.09.2014	477,7	4,21K
13.09.2014	478,2	5,28K
12.09.2014	477,7	5,15K
11.09.2014	478,5	6,29K
10.09.2014	479,7	8,29K
09.09.2014	474,9	7,29K
08.09.2014	475,7	8,14K
07.09.2014	485,8	3,56K
06.09.2014	484,5	3,79K
05.09.2014	483,6	6,04K
04.09.2014	491,0	8,81K
03.09.2014	480,0	6,14K
02.09.2014	478,9	6,75K
01.09.2014	477,2	6,79K
31.08.2014	481,8	6,10K
30.08.2014	506,0	2,63K
29.08.2014	512,6	3,64K
28.08.2014	510,8	4,47K
27.08.2014	515,2	3,79K
26.08.2014	512,6	3,53K
25.08.2014	502,9	2,74K
24.08.2014	509,7	2,53K
23.08.2014	497,7	3,13K
22.08.2014	516,1	6,03K
21.08.2014	517,9	5,65K
20.08.2014	516,8	5,89K
19.08.2014	485,1	5,12K
18.08.2014	462,2	6,38K
17.08.2014	485,5	3,14K
16.08.2014	522,0	3,87K
15.08.2014	496,5	4,77K
14.08.2014	504,8	10,88K
13.08.2014	542,1	4,82K
12.08.2014	567,7	3,33K
11.08.2014	575,9	2,57K
10.08.2014	592,1	1,34K
09.08.2014	589,5	1,42K
08.08.2014	595,8	3,11K
07.08.2014	592,8	2,50K
06.08.2014	589,8	3,01K
05.08.2014	588,8	4,09K
04.08.2014	592,8	3,42K
03.08.2014	588,9	1,26K
02.08.2014	591,7	2,12K
01.08.2014	598,8	8,93K
31.07.2014	589,5	3,52K
30.07.2014	564,6	4,10K
29.07.2014	585,8	6,72K
28.07.2014	587,9	2,33K
27.07.2014	595,0	3,53K
26.07.2014	596,0	3,48K
25.07.2014	600,5	5,92K
24.07.2014	601,9	4,74K
23.07.2014	621,7	2,17K
22.07.2014	622,5	3,28K
21.07.2014	625,1	2,53K
20.07.2014	621,0	2,30K
19.07.2014	627,0	3,96K
18.07.2014	627,5	3,35K
17.07.2014	626,6	2,92K
16.07.2014	614,8	3,00K
15.07.2014	619,6	3,69K
14.07.2014	618,3	2,55K
13.07.2014	628,0	1,70K
12.07.2014	635,9	3,43K
11.07.2014	632,9	3,12K
10.07.2014	618,4	3,61K
09.07.2014	623,0	3,07K
08.07.2014	615,3	3,21K
07.07.2014	613,6	2,53K
06.07.2014	626,7	2,70K
05.07.2014	623,0	3,25K
04.07.2014	624,0	3,60K
03.07.2014	638,0	4,01K
02.07.2014	645,7	4,78K
01.07.2014	643,2	4,11K
30.06.2014	635,1	3,83K
29.06.2014	601,1	2,89K
28.06.2014	597,6	2,94K
27.06.2014	602,2	3,39K
26.06.2014	582,7	4,15K
25.06.2014	568,5	3,09K
24.06.2014	588,8	3,08K
23.06.2014	591,2	2,65K
22.06.2014	603,6	2,04K
21.06.2014	597,0	2,28K
20.06.2014	590,8	2,15K
19.06.2014	600,2	5,60K
18.06.2014	606,2	3,31K
17.06.2014	605,1	3,00K
16.06.2014	599,1	3,99K
15.06.2014	582,3	3,94K
14.06.2014	583,4	5,00K
13.06.2014	610,3	7,55K
12.06.2014	597,1	4,59K
11.06.2014	643,0	3,80K
10.06.2014	655,6	3,56K
09.06.2014	644,3	3,26K
08.06.2014	651,0	3,31K
07.06.2014	651,7	1,97K
06.06.2014	650,4	6,04K
05.06.2014	660,2	2,76K
04.06.2014	638,9	5,60K
03.06.2014	669,4	4,36K
02.06.2014	655,5	4,13K
01.06.2014	649,8	3,55K
31.05.2014	627,9	4,41K
30.05.2014	612,3	6,21K
29.05.2014	564,4	3,73K
28.05.2014	570,8	3,57K
27.05.2014	570,1	3,35K
26.05.2014	582,0	2,96K
25.05.2014	570,4	1,87K
24.05.2014	520,5	2,86K
23.05.2014	518,1	2,76K
22.05.2014	515,4	3,12K
21.05.2014	488,8	1,40K
20.05.2014	484,6	1,90K
19.05.2014	443,9	1,35K
18.05.2014	450,1	1,45K
17.05.2014	452,8	1,71K
16.05.2014	453,6	1,76K
15.05.2014	448,1	2,17K
14.05.2014	442,6	2,20K
13.05.2014	433,9	2,65K
12.05.2014	438,2	1,39K
11.05.2014	433,2	1,89K
10.05.2014	451,9	0,45K
09.05.2014	445,5	2,27K
08.05.2014	441,1	2,54K
07.05.2014	446,5	5,03K
06.05.2014	432,2	4,19K
05.05.2014	430,9	3,04K
04.05.2014	436,0	3,37K
03.05.2014	438,6	2,58K
02.05.2014	453,7	3,38K
01.05.2014	460,1	4,20K
30.04.2014	445,6	4,08K
29.04.2014	446,1	3,72K
28.04.2014	441,9	4,54K
27.04.2014	443,2	6,96K
26.04.2014	457,9	6,89K
25.04.2014	464,5	6,45K
24.04.2014	500,3	4,23K
23.04.2014	487,3	4,74K
22.04.2014	487,9	5,68K
21.04.2014	495,2	7,35K
20.04.2014	498,5	7,69K
19.04.2014	506,0	8,38K
18.04.2014	485,5	8,36K
17.04.2014	502,0	8,00K
16.04.2014	537,0	8,06K
15.04.2014	526,4	8,00K
14.04.2014	478,4	7,62K
13.04.2014	427,6	4,97K
12.04.2014	437,6	5,19K
11.04.2014	435,1	5,16K
10.04.2014	384,6	3,65K
09.04.2014	457,3	3,88K
08.04.2014	466,6	3,91K
07.04.2014	462,4	3,95K
06.04.2014	455,7	3,59K
05.04.2014	456,6	1,16K
04.04.2014	444,4	2,57K
03.04.2014	436,3	4,02K
02.04.2014	424,4	4,38K
01.04.2014	463,5	3,97K
31.03.2014	444,7	4,15K
30.03.2014	446,9	3,86K
29.03.2014	477,1	4,29K
28.03.2014	482,6	4,11K
27.03.2014	460,5	3,78K
26.03.2014	562,5	3,71K
25.03.2014	562,9	3,87K
24.03.2014	567,6	3,67K
23.03.2014	551,2	4,13K
22.03.2014	564,3	3,77K
21.03.2014	549,6	3,82K
20.03.2014	566,0	4,24K
19.03.2014	595,0	3,58K
18.03.2014	598,9	3,65K
17.03.2014	606,4	3,58K
16.03.2014	619,1	3,30K
15.03.2014	624,0	3,46K
14.03.2014	614,0	4,00K
13.03.2014	625,0	3,41K
12.03.2014	619,4	3,20K
11.03.2014	608,7	2,43K
10.03.2014	613,0	2,63K
09.03.2014	627,0	1,95K
08.03.2014	609,2	2,17K
07.03.2014	616,7	2,34K
06.03.2014	648,3	2,07K
05.03.2014	658,3	1,26K
04.03.2014	661,8	1,37K
03.03.2014	662,2	1,26K
02.03.2014	544,6	0,83K
01.03.2014	557,4	0,40K
28.02.2014	573,9	0,51K
27.02.2014	596,5	0,50K
26.02.2014	593,1	0,60K
25.02.2014	135,8	30,43K
24.02.2014	174,0	95,12K
23.02.2014	310,2	38,55K
22.02.2014	255,6	72,17K
21.02.2014	111,6	82,59K
20.02.2014	111,9	102,18K
19.02.2014	261,5	31,50K
18.02.2014	294,0	48,88K
17.02.2014	272,3	51,44K
16.02.2014	299,8	86,18K
15.02.2014	371,1	50,62K
14.02.2014	427,7	65,82K
13.02.2014	451,4	28,94K
12.02.2014	531,1	21,30K
11.02.2014	579,0	16,73K
10.02.2014	582,6	40,13K
09.02.2014	659,6	19,89K
08.02.2014	648,8	22,88K
07.02.2014	695,7	49,91K
06.02.2014	828,9	18,60K
05.02.2014	904,5	7,56K
04.02.2014	926,6	4,61K
03.02.2014	931,7	2,79K
02.02.2014	953,3	1,58K
01.02.2014	940,4	4,37K
31.01.2014	938,8	4,31K
30.01.2014	941,4	5,43K
29.01.2014	925,7	5,68K
28.01.2014	932,7	10,41K
27.01.2014	943,5	8,33K
26.01.2014	1.007,0	13,07K
25.01.2014	961,0	8,18K
24.01.2014	916,5	6,20K
23.01.2014	944,2	1,97K
22.01.2014	951,0	4,78K
21.01.2014	962,2	6,59K
20.01.2014	956,0	10,41K
19.01.2014	954,8	7,57K
18.01.2014	905,7	6,04K
17.01.2014	894,2	10,31K
16.01.2014	913,5	5,10K
15.01.2014	941,2	6,83K
14.01.2014	919,3	4,31K
13.01.2014	922,9	10,13K
12.01.2014	939,8	9,93K
11.01.2014	1.005,3	11,18K
10.01.2014	957,8	6,35K
09.01.2014	937,0	14,42K
08.01.2014	938,8	14,10K
07.01.2014	879,9	22,67K
